source1_id,candidate_id,candidate_source
B000013,R000013-365,source2
B000014,L000014-939,source3
B000022,L000022-186,source3
B000023,L000023-142,source3
B000025,R000025-367,source2
B000027,L000027-730,source3
B000050,L000050-934,source3
B000070,L000070-107,source3
B000135,L000135-811,source3
B000145,L000145-435,source3
B000177,R000177-447,source2
B000184,L000184-818,source3
B000188,R000188-962,source2
B000197,R000197-857,source2
B000200,R000200-312,source2
B000206,R000206-259,source2
B000214,L000214-495,source3
B000228,L000228-265,source3
B000239,L000239-653,source3
B000263,L000263-552,source3
B000268,R000268-993,source2
B000273,R000273-138,source2
B000275,L000275-924,source3
B000293,R000293-762,source2
B000301,L000301-691,source3
B000311,R000311-585,source2
B000322,L000322-177,source3
B000334,L000334-579,source3
B000336,L000336-666,source3
B000358,L000358-460,source3
B000394,L000394-254,source3
B000418,L000418-653,source3
B000423,L000423-817,source3
B000423,L000423-317,source3
B000426,L000426-926,source3
B000452,L000452-618,source3
B000470,L000470-265,source3
B000497,L000497-153,source3
B000500,L000500-552,source3
B000508,R000508-265,source2
B000522,L000522-603,source3
B000525,L000525-691,source3
B000539,L000539-768,source3
B000540,R000540-602,source2
B000548,R000548-573,source2
B000548,L000548-556,source3
B000550,R000550-554,source2
B000551,R000551-811,source2
B000557,L000557-553,source3
B000559,R000559-416,source2
B000563,L000563-219,source3
B000611,L000611-585,source3
B000619,L000619-217,source3
B000628,L000628-175,source3
B000639,L000639-649,source3
B000642,L000642-411,source3
B000657,L000657-480,source3
B000668,R000668-551,source2
B000669,R000669-585,source2
B000669,L000669-644,source3
B000684,R000684-552,source2
B000711,L000711-503,source3
B000713,L000713-435,source3
B000733,R000733-708,source2
B000753,R000753-221,source2
B000753,L000753-158,source3
B000767,R000767-156,source2
B000774,L000774-292,source3
B000790,R000790-734,source2
B000803,R000803-379,source2
B000803,R000803-644,source2
B000803,L000803-328,source3
B000816,R000816-820,source2
B000822,R000822-714,source2
B000825,L000825-329,source3
B000834,L000834-611,source3
B000838,L000838-115,source3
B000848,L000848-766,source3
B000867,R000867-519,source2
B000874,R000874-631,source2
B000883,L000883-836,source3
B000886,R000886-372,source2
B000891,L000891-912,source3
B000915,R000915-714,source2
B000915,R000915-256,source2
B000915,L000915-324,source3
B000915,L000915-372,source3
B000944,L000944-763,source3
B000947,R000947-621,source2
B000958,L000958-306,source3
B000960,L000960-201,source3
B000988,L000988-722,source3
B000991,L000991-734,source3
B001004,R001004-918,source2
B001022,R001022-799,source2
B001028,L001028-158,source3
B001030,L001030-934,source3
B001057,R001057-434,source2
B001057,L001057-716,source3
B001060,L001060-717,source3
B001113,L001113-178,source3
B001135,L001135-663,source3
B001136,R001136-345,source2
B001146,R001146-570,source2
B001151,R001151-996,source2
B001151,L001151-978,source3
B001162,L001162-811,source3
B001232,R001232-917,source2
B001263,R001263-135,source2
B001276,R001276-486,source2
