threshold,tp,fp,fn,tn,precision,recall,f1,n_predicted_positive,accuracy
1.388284621167658e-06,473,8049,0,0,0.055503402957052334,1.0,0.10516953863257365,8522,0.055503402957052334
0.005026391609917457,473,1,0,8048,0.9978902953586498,1.0,0.9989440337909187,474,0.9998826566533677
0.010051394935213747,473,1,0,8048,0.9978902953586498,1.0,0.9989440337909187,474,0.9998826566533677
0.015076398260510035,473,1,0,8048,0.9978902953586498,1.0,0.9989440337909187,474,0.9998826566533677
0.020101401585806325,473,1,0,8048,0.9978902953586498,1.0,0.9989440337909187,474,0.9998826566533677
0.025126404911102615,473,1,0,8048,0.9978902953586498,1.0,0.9989440337909187,474,0.9998826566533677
0.0301514082363989,473,1,0,8048,0.9978902953586498,1.0,0.9989440337909187,474,0.9998826566533677
0.03517641156169519,473,1,0,8048,0.9978902953586498,1.0,0.9989440337909187,474,0.9998826566533677
0.04020141488699148,473,1,0,8048,0.9978902953586498,1.0,0.9989440337909187,474,0.9998826566533677
0.04522641821228777,473,1,0,8048,0.9978902953586498,1.0,0.9989440337909187,474,0.9998826566533677
0.05025142153758406,473,1,0,8048,0.9978902953586498,1.0,0.9989440337909187,474,0.9998826566533677
0.05527642486288035,473,1,0,8048,0.9978902953586498,1.0,0.9989440337909187,474,0.9998826566533677
0.06030142818817663,473,1,0,8048,0.9978902953586498,1.0,0.9989440337909187,474,0.9998826566533677
0.06532643151347292,473,1,0,8048,0.9978902953586498,1.0,0.9989440337909187,474,0.9998826566533677
0.07035143483876921,473,1,0,8048,0.9978902953586498,1.0,0.9989440337909187,474,0.9998826566533677
0.0753764381640655,473,1,0,8048,0.9978902953586498,1.0,0.9989440337909187,474,0.9998826566533677
0.08040144148936179,473,1,0,8048,0.9978902953586498,1.0,0.9989440337909187,474,0.9998826566533677
0.08542644481465808,473,1,0,8048,0.9978902953586498,1.0,0.9989440337909187,474,0.9998826566533677
0.09045144813995437,473,1,0,8048,0.9978902953586498,1.0,0.9989440337909187,474,0.9998826566533677
0.09547645146525066,473,1,0,8048,0.9978902953586498,1.0,0.9989440337909187,474,0.9998826566533677
0.10050145479054695,473,1,0,8048,0.9978902953586498,1.0,0.9989440337909187,474,0.9998826566533677
0.10552645811584324,473,1,0,8048,0.9978902953586498,1.0,0.9989440337909187,474,0.9998826566533677
0.11055146144113953,473,1,0,8048,0.9978902953586498,1.0,0.9989440337909187,474,0.9998826566533677
0.11557646476643582,473,0,0,8049,1.0,1.0,1.0,473,1.0
0.1206014680917321,473,0,0,8049,1.0,1.0,1.0,473,1.0
0.1256264714170284,473,0,0,8049,1.0,1.0,1.0,473,1.0
0.1306514747423247,473,0,0,8049,1.0,1.0,1.0,473,1.0
0.13567647806762098,473,0,0,8049,1.0,1.0,1.0,473,1.0
0.14070148139291727,473,0,0,8049,1.0,1.0,1.0,473,1.0
0.14572648471821356,473,0,0,8049,1.0,1.0,1.0,473,1.0
0.15075148804350985,473,0,0,8049,1.0,1.0,1.0,473,1.0
0.15577649136880614,473,0,0,8049,1.0,1.0,1.0,473,1.0
0.16080149469410243,473,0,0,8049,1.0,1.0,1.0,473,1.0
0.16582649801939872,473,0,0,8049,1.0,1.0,1.0,473,1.0
0.170851501344695,473,0,0,8049,1.0,1.0,1.0,473,1.0
0.1758765046699913,473,0,0,8049,1.0,1.0,1.0,473,1.0
0.1809015079952876,473,0,0,8049,1.0,1.0,1.0,473,1.0
0.18592651132058388,473,0,0,8049,1.0,1.0,1.0,473,1.0
0.19095151464588017,473,0,0,8049,1.0,1.0,1.0,473,1.0
0.19597651797117646,473,0,0,8049,1.0,1.0,1.0,473,1.0
0.20100152129647275,473,0,0,8049,1.0,1.0,1.0,473,1.0
0.20602652462176904,473,0,0,8049,1.0,1.0,1.0,473,1.0
0.21105152794706533,473,0,0,8049,1.0,1.0,1.0,473,1.0
0.21607653127236162,473,0,0,8049,1.0,1.0,1.0,473,1.0
0.2211015345976579,473,0,0,8049,1.0,1.0,1.0,473,1.0
0.2261265379229542,473,0,0,8049,1.0,1.0,1.0,473,1.0
0.2311515412482505,473,0,0,8049,1.0,1.0,1.0,473,1.0
0.23617654457354678,473,0,0,8049,1.0,1.0,1.0,473,1.0
0.24120154789884304,473,0,0,8049,1.0,1.0,1.0,473,1.0
0.24622655122413933,473,0,0,8049,1.0,1.0,1.0,473,1.0
0.2512515545494356,473,0,0,8049,1.0,1.0,1.0,473,1.0
0.2562765578747319,473,0,0,8049,1.0,1.0,1.0,473,1.0
0.2613015612000282,473,0,0,8049,1.0,1.0,1.0,473,1.0
0.2663265645253245,473,0,0,8049,1.0,1.0,1.0,473,1.0
0.27135156785062076,473,0,0,8049,1.0,1.0,1.0,473,1.0
0.2763765711759171,473,0,0,8049,1.0,1.0,1.0,473,1.0
0.28140157450121334,473,0,0,8049,1.0,1.0,1.0,473,1.0
0.28642657782650965,473,0,0,8049,1.0,1.0,1.0,473,1.0
0.2914515811518059,473,0,0,8049,1.0,1.0,1.0,473,1.0
0.29647658447710223,473,0,0,8049,1.0,1.0,1.0,473,1.0
0.3015015878023985,473,0,0,8049,1.0,1.0,1.0,473,1.0
0.3065265911276948,473,0,0,8049,1.0,1.0,1.0,473,1.0
0.3115515944529911,473,0,0,8049,1.0,1.0,1.0,473,1.0
0.3165765977782874,473,0,0,8049,1.0,1.0,1.0,473,1.0
0.32160160110358366,473,0,0,8049,1.0,1.0,1.0,473,1.0
0.3266266044288799,473,0,0,8049,1.0,1.0,1.0,473,1.0
0.33165160775417624,473,0,0,8049,1.0,1.0,1.0,473,1.0
0.3366766110794725,473,0,0,8049,1.0,1.0,1.0,473,1.0
0.3417016144047688,473,0,0,8049,1.0,1.0,1.0,473,1.0
0.3467266177300651,473,0,0,8049,1.0,1.0,1.0,473,1.0
0.3517516210553614,473,0,0,8049,1.0,1.0,1.0,473,1.0
0.35677662438065766,473,0,0,8049,1.0,1.0,1.0,473,1.0
0.361801627705954,473,0,0,8049,1.0,1.0,1.0,473,1.0
0.36682663103125024,473,0,0,8049,1.0,1.0,1.0,473,1.0
0.37185163435654656,473,0,0,8049,1.0,1.0,1.0,473,1.0
0.3768766376818428,473,0,0,8049,1.0,1.0,1.0,473,1.0
0.38190164100713914,473,0,0,8049,1.0,1.0,1.0,473,1.0
0.3869266443324354,473,0,0,8049,1.0,1.0,1.0,473,1.0
0.3919516476577317,473,0,0,8049,1.0,1.0,1.0,473,1.0
0.396976650983028,473,0,0,8049,1.0,1.0,1.0,473,1.0
0.4020016543083243,473,0,0,8049,1.0,1.0,1.0,473,1.0
0.40702665763362056,473,0,0,8049,1.0,1.0,1.0,473,1.0
0.4120516609589169,473,0,0,8049,1.0,1.0,1.0,473,1.0
0.41707666428421314,473,0,0,8049,1.0,1.0,1.0,473,1.0
0.42210166760950946,473,0,0,8049,1.0,1.0,1.0,473,1.0
0.4271266709348057,473,0,0,8049,1.0,1.0,1.0,473,1.0
0.43215167426010204,473,0,0,8049,1.0,1.0,1.0,473,1.0
0.4371766775853983,473,0,0,8049,1.0,1.0,1.0,473,1.0
0.4422016809106946,473,0,0,8049,1.0,1.0,1.0,473,1.0
0.4472266842359909,473,0,0,8049,1.0,1.0,1.0,473,1.0
0.4522516875612872,473,0,0,8049,1.0,1.0,1.0,473,1.0
0.45727669088658346,473,0,0,8049,1.0,1.0,1.0,473,1.0
0.4623016942118798,473,0,0,8049,1.0,1.0,1.0,473,1.0
0.46732669753717604,473,0,0,8049,1.0,1.0,1.0,473,1.0
0.47235170086247236,473,0,0,8049,1.0,1.0,1.0,473,1.0
0.4773767041877686,473,0,0,8049,1.0,1.0,1.0,473,1.0
0.4824017075130649,473,0,0,8049,1.0,1.0,1.0,473,1.0
0.4874267108383612,473,0,0,8049,1.0,1.0,1.0,473,1.0
0.49245171416365746,473,0,0,8049,1.0,1.0,1.0,473,1.0
0.4974767174889538,473,0,0,8049,1.0,1.0,1.0,473,1.0
0.5,473,0,0,8049,1.0,1.0,1.0,473,1.0
0.50250172081425,473,0,0,8049,1.0,1.0,1.0,473,1.0
0.5075267241395464,473,0,0,8049,1.0,1.0,1.0,473,1.0
0.5125517274648427,473,0,0,8049,1.0,1.0,1.0,473,1.0
0.5175767307901389,473,0,0,8049,1.0,1.0,1.0,473,1.0
0.5226017341154352,473,0,0,8049,1.0,1.0,1.0,473,1.0
0.5276267374407315,473,0,0,8049,1.0,1.0,1.0,473,1.0
0.5326517407660278,473,0,0,8049,1.0,1.0,1.0,473,1.0
0.537676744091324,473,0,0,8049,1.0,1.0,1.0,473,1.0
0.5427017474166204,473,0,0,8049,1.0,1.0,1.0,473,1.0
0.5477267507419167,473,0,0,8049,1.0,1.0,1.0,473,1.0
0.552751754067213,473,0,0,8049,1.0,1.0,1.0,473,1.0
0.5577767573925092,473,0,0,8049,1.0,1.0,1.0,473,1.0
0.5628017607178055,473,0,0,8049,1.0,1.0,1.0,473,1.0
0.5678267640431018,473,0,0,8049,1.0,1.0,1.0,473,1.0
0.5728517673683982,473,0,0,8049,1.0,1.0,1.0,473,1.0
0.5778767706936944,473,0,0,8049,1.0,1.0,1.0,473,1.0
0.5829017740189907,473,0,0,8049,1.0,1.0,1.0,473,1.0
0.587926777344287,473,0,0,8049,1.0,1.0,1.0,473,1.0
0.5929517806695833,473,0,0,8049,1.0,1.0,1.0,473,1.0
0.5979767839948795,473,0,0,8049,1.0,1.0,1.0,473,1.0
0.6030017873201758,473,0,0,8049,1.0,1.0,1.0,473,1.0
0.6080267906454722,473,0,0,8049,1.0,1.0,1.0,473,1.0
0.6130517939707685,473,0,0,8049,1.0,1.0,1.0,473,1.0
0.6180767972960647,473,0,0,8049,1.0,1.0,1.0,473,1.0
0.623101800621361,473,0,0,8049,1.0,1.0,1.0,473,1.0
0.6281268039466573,473,0,0,8049,1.0,1.0,1.0,473,1.0
0.6331518072719536,473,0,0,8049,1.0,1.0,1.0,473,1.0
0.6381768105972498,473,0,0,8049,1.0,1.0,1.0,473,1.0
0.6432018139225462,473,0,0,8049,1.0,1.0,1.0,473,1.0
0.6482268172478425,473,0,0,8049,1.0,1.0,1.0,473,1.0
0.6532518205731387,473,0,0,8049,1.0,1.0,1.0,473,1.0
0.658276823898435,473,0,0,8049,1.0,1.0,1.0,473,1.0
0.6633018272237313,473,0,0,8049,1.0,1.0,1.0,473,1.0
0.6683268305490276,473,0,0,8049,1.0,1.0,1.0,473,1.0
0.6733518338743238,473,0,0,8049,1.0,1.0,1.0,473,1.0
0.6783768371996202,473,0,0,8049,1.0,1.0,1.0,473,1.0
0.6834018405249165,473,0,0,8049,1.0,1.0,1.0,473,1.0
0.6884268438502128,473,0,0,8049,1.0,1.0,1.0,473,1.0
0.693451847175509,473,0,0,8049,1.0,1.0,1.0,473,1.0
0.6984768505008053,473,0,0,8049,1.0,1.0,1.0,473,1.0
0.7035018538261016,473,0,0,8049,1.0,1.0,1.0,473,1.0
0.708526857151398,473,0,0,8049,1.0,1.0,1.0,473,1.0
0.7135518604766942,473,0,0,8049,1.0,1.0,1.0,473,1.0
0.7185768638019905,473,0,0,8049,1.0,1.0,1.0,473,1.0
0.7236018671272868,473,0,0,8049,1.0,1.0,1.0,473,1.0
0.7286268704525831,473,0,0,8049,1.0,1.0,1.0,473,1.0
0.7336518737778793,473,0,0,8049,1.0,1.0,1.0,473,1.0
0.7386768771031756,473,0,0,8049,1.0,1.0,1.0,473,1.0
0.743701880428472,473,0,0,8049,1.0,1.0,1.0,473,1.0
0.7487268837537683,473,0,0,8049,1.0,1.0,1.0,473,1.0
0.7537518870790645,473,0,0,8049,1.0,1.0,1.0,473,1.0
0.7587768904043608,473,0,0,8049,1.0,1.0,1.0,473,1.0
0.7638018937296571,473,0,0,8049,1.0,1.0,1.0,473,1.0
0.7688268970549534,473,0,0,8049,1.0,1.0,1.0,473,1.0
0.7738519003802496,473,0,0,8049,1.0,1.0,1.0,473,1.0
0.778876903705546,473,0,0,8049,1.0,1.0,1.0,473,1.0
0.7839019070308423,473,0,0,8049,1.0,1.0,1.0,473,1.0
0.7889269103561386,473,0,0,8049,1.0,1.0,1.0,473,1.0
0.7939519136814348,473,0,0,8049,1.0,1.0,1.0,473,1.0
0.7989769170067311,473,0,0,8049,1.0,1.0,1.0,473,1.0
0.8040019203320274,473,0,0,8049,1.0,1.0,1.0,473,1.0
0.8090269236573236,473,0,0,8049,1.0,1.0,1.0,473,1.0
0.81405192698262,473,0,0,8049,1.0,1.0,1.0,473,1.0
0.8190769303079163,473,0,0,8049,1.0,1.0,1.0,473,1.0
0.8241019336332126,473,0,0,8049,1.0,1.0,1.0,473,1.0
0.8291269369585088,473,0,0,8049,1.0,1.0,1.0,473,1.0
0.8341519402838051,473,0,0,8049,1.0,1.0,1.0,473,1.0
0.8391769436091014,473,0,0,8049,1.0,1.0,1.0,473,1.0
0.8442019469343978,473,0,0,8049,1.0,1.0,1.0,473,1.0
0.849226950259694,473,0,0,8049,1.0,1.0,1.0,473,1.0
0.8542519535849903,473,0,0,8049,1.0,1.0,1.0,473,1.0
0.8592769569102866,473,0,0,8049,1.0,1.0,1.0,473,1.0
0.8643019602355829,473,0,0,8049,1.0,1.0,1.0,473,1.0
0.8693269635608791,473,0,0,8049,1.0,1.0,1.0,473,1.0
0.8743519668861754,473,0,0,8049,1.0,1.0,1.0,473,1.0
0.8793769702114718,473,0,0,8049,1.0,1.0,1.0,473,1.0
0.8844019735367681,473,0,0,8049,1.0,1.0,1.0,473,1.0
0.8894269768620643,473,0,0,8049,1.0,1.0,1.0,473,1.0
0.8944519801873606,473,0,0,8049,1.0,1.0,1.0,473,1.0
0.8994769835126569,473,0,0,8049,1.0,1.0,1.0,473,1.0
0.9045019868379532,473,0,0,8049,1.0,1.0,1.0,473,1.0
0.9095269901632494,473,0,0,8049,1.0,1.0,1.0,473,1.0
0.9145519934885458,473,0,0,8049,1.0,1.0,1.0,473,1.0
0.9195769968138421,473,0,0,8049,1.0,1.0,1.0,473,1.0
0.9246020001391384,473,0,0,8049,1.0,1.0,1.0,473,1.0
0.9296270034644346,473,0,0,8049,1.0,1.0,1.0,473,1.0
0.9346520067897309,473,0,0,8049,1.0,1.0,1.0,473,1.0
0.9396770101150272,473,0,0,8049,1.0,1.0,1.0,473,1.0
0.9447020134403236,473,0,0,8049,1.0,1.0,1.0,473,1.0
0.9497270167656198,473,0,0,8049,1.0,1.0,1.0,473,1.0
0.9547520200909161,473,0,0,8049,1.0,1.0,1.0,473,1.0
0.9597770234162124,472,0,1,8049,1.0,0.9978858350951374,0.9989417989417989,472,0.9998826566533677
0.9648020267415086,472,0,1,8049,1.0,0.9978858350951374,0.9989417989417989,472,0.9998826566533677
0.9698270300668049,472,0,1,8049,1.0,0.9978858350951374,0.9989417989417989,472,0.9998826566533677
0.9748520333921012,472,0,1,8049,1.0,0.9978858350951374,0.9989417989417989,472,0.9998826566533677
0.9798770367173976,472,0,1,8049,1.0,0.9978858350951374,0.9989417989417989,472,0.9998826566533677
0.9849020400426938,470,0,3,8049,1.0,0.9936575052854123,0.9968186638388122,470,0.9996479699601033
0.9899270433679901,470,0,3,8049,1.0,0.9936575052854123,0.9968186638388122,470,0.9996479699601033
0.9949520466932864,470,0,3,8049,1.0,0.9936575052854123,0.9968186638388122,470,0.9996479699601033
0.9999770500185827,99,0,374,8049,1.0,0.20930232558139536,0.3461538461538462,99,0.95611358835954
