feature,importance,importance_pct
blk_phone10,9.983974135530094e-05,96.57034218902469
city_equal,3.5457692326712476e-06,3.4296578043388273
geo_dist_km,2.6645352591003756e-16,2.577281133274719e-10
addr_jw,2.4424906541753446e-16,2.362507705501826e-10
blk_zip3_name,2.4424906541753446e-16,2.362507705501826e-10
name_substring,2.4424906541753446e-16,2.362507705501826e-10
addr_lev,2.4424906541753446e-16,2.362507705501826e-10
name_jw_norm,2.4424906541753446e-16,2.362507705501826e-10
name_jw_core,2.4424906541753446e-16,2.362507705501826e-10
name_len_ratio,2.4424906541753446e-16,2.362507705501826e-10
name_soundex_equal,2.220446049250313e-16,2.1477342777289326e-10
street_suffix_equal,2.220446049250313e-16,2.1477342777289326e-10
name_tok_jaccard,2.220446049250313e-16,2.1477342777289326e-10
name_tfidf_cos,2.220446049250313e-16,2.1477342777289326e-10
state_equal,2.220446049250313e-16,2.1477342777289326e-10
name_lev_norm,2.220446049250313e-16,2.1477342777289326e-10
name_lev_core,2.220446049250313e-16,2.1477342777289326e-10
n_missing_total,2.220446049250313e-16,2.1477342777289326e-10
street_name_jw,2.220446049250313e-16,2.1477342777289326e-10
house_number_equal,2.220446049250313e-16,2.1477342777289326e-10
