source1_id,matched_source2_ids,n_matched_source2,matched_source3_ids,n_matched_source3,n_matched_total
B000001,R000001-224,1,L000001-269,1,2
B000002,R000002-858,1,L000002-846,1,2
B000003,R000003-825,1,L000003-289|L000003-491,2,3
B000004,R000004-538|R000004-975|R000004-979,3,L000004-718,1,4
B000005,,0,L000005-192|L000005-192-U,2,2
B000006,R000006-639|R000006-723,2,L000006-295|L000006-641,2,4
B000007,R000007-733,1,L000007-318|L000007-357,2,3
B000008,R000008-578|R000008-615|R000008-993,3,L000008-219,1,4
B000009,,0,,0,0
B000010,R000010-684,1,L000010-365|L000010-365-U|L000010-569,3,4
B000011,,0,L000011-570,1,1
B000012,R000012-181,1,,0,1
B000013,R000013-232,1,L000013-313,1,2
B000014,R000014-278,1,,0,1
B000015,R000015-507,1,L000015-307,1,2
B000016,R000016-204,1,L000016-878,1,2
B000017,R000017-794,1,L000017-246,1,2
B000018,R000018-492|R000018-923,2,L000018-536,1,3
B000019,R000019-362,1,L000019-468,1,2
B000020,R000020-274,1,L000020-655,1,2
B000021,R000021-203,1,L000021-648,1,2
B000022,R000022-528|R000022-777|R001256-254,3,L001256-285|L001256-479,2,5
B000023,,0,L000023-416,1,1
B000024,R000024-211|R000024-506,2,,0,2
B000025,R000025-208|R000025-690,2,,0,2
B000026,R000026-458|R000026-866,2,,0,2
B000027,R000027-528,1,L000027-518|L000027-694,2,3
B000028,R000028-925,1,L000028-326|L000028-695,2,3
B000029,R000029-786,1,L000029-979,1,2
B000030,R000030-873,1,L000030-616,1,2
B000031,R000031-972,1,L000031-167,1,2
B000032,R000032-128|R000032-484,2,L000032-971,1,3
B000033,R000033-185|R000033-662,2,L000033-169,1,3
B000034,R000034-984,1,L000034-567|L000034-610|L000034-978,3,4
B000035,R000035-106|R000035-528|R000035-537|R001261-517|R001261-678,5,,0,5
B000036,R000036-142|R000036-962,2,,0,2
B000037,R000037-138,1,L000037-126|L000037-870,2,3
B000038,R000038-542,1,L000038-534,1,2
B000039,R000039-477,1,L000039-127|L000039-332|L000039-371,3,4
B000040,R000040-746|R000040-794,2,L000040-498|L000040-641|L000040-868,3,5
B000041,R000041-111|R000041-952,2,L000041-695,1,3
B000042,,0,L000042-691,1,1
B000043,R000043-141,1,,0,1
B000044,R000044-136|R000044-653,2,,0,2
B000045,R000045-278|R000045-350,2,L000045-699,1,3
B000046,R000046-109|R000046-148,2,L000046-736,1,3
B000047,R000047-521,1,L000047-680|L000047-680-U,2,3
B000048,R000048-746,1,L000048-674,1,2
B000049,,0,,0,0
B000050,R000050-479|R000050-769,2,,0,2
B000051,R000051-189,1,L000051-651,1,2
B000052,,0,L000052-216,1,1
B000053,R000053-415|R000053-772,2,L000053-122,1,3
B000054,R000054-398,1,L000054-395|L000054-894,2,3
B000055,R001296-134|R001296-274,2,,0,2
B000056,R000056-838|R001228-308,2,L000056-142|L000056-898,2,4
B000057,R000057-592,1,,0,1
B000058,,0,L000058-336|L000058-771,2,2
B000059,R000059-461|R000059-592|R000059-835,3,,0,3
B000060,R000060-660|R001245-195|R001245-314,3,L000060-658|L001245-681,2,5
B000061,,0,L000061-221,1,1
B000062,R000062-908,1,,0,1
B000063,R000063-431,1,L000063-389,1,2
B000064,,0,,0,0
B000065,R000065-171,1,,0,1
B000066,,0,L000066-803,1,1
B000067,R000067-845,1,,0,1
B000068,R000068-325|R000068-905,2,,0,2
B000069,,0,,0,0
B000070,R000070-981,1,L000070-332,1,2
B000071,R000071-502,1,L000071-931,1,2
B000072,R000072-770,1,,0,1
B000073,R000073-931,1,L000073-456,1,2
B000074,R000074-682,1,L000074-541,1,2
B000075,R001248-301|R001248-426|R001248-547,3,L000075-629|L001248-532,2,5
B000076,R000076-448,1,,0,1
B000077,,0,L000077-286,1,1
B000078,R000078-661,1,L000078-475,1,2
B000079,R000079-537|R000079-886,2,,0,2
B000080,R000080-822,1,L000080-118|L000080-807,2,3
B000081,R000081-702|R001205-575,2,,0,2
B000082,R000082-183,1,L000082-126,1,2
B000083,R000083-331,1,L000083-380,1,2
B000084,R000084-475,1,L000084-839|L000084-973,2,3
B000085,R000085-737,1,,0,1
B000086,R000086-636|R000086-748,2,L000086-245,1,3
B000087,R000087-321,1,,0,1
B000088,R000088-479|R000088-725,2,L000088-120|L000088-742,2,4
B000089,R000089-741|R000089-839,2,L000089-290,1,3
B000090,R000090-196,1,L000090-413|L000090-413-U,2,3
B000091,R000091-107|R000091-450|R000091-801,3,L000091-628|L000091-659,2,5
B000092,,0,L000092-100|L000092-234,2,2
B000093,R000093-844,1,L000093-329|L000093-952,2,3
B000094,R000094-539,1,L000094-848,1,2
B000095,,0,L000095-548,1,1
B000096,R000096-394|R000096-958,2,L000096-411|L000096-639,2,4
B000097,R000097-361,1,L000097-658|L000097-789|L000097-953,3,4
B000098,R000098-971,1,,0,1
B000099,R000099-900,1,L000099-788,1,2
B000100,R000100-124|R000100-351,2,L000100-512|L000100-824,2,4
B000101,R000101-597,1,,0,1
B000102,R000102-602,1,,0,1
B000103,R000103-794,1,L000103-364,1,2
B000104,R000104-783|R000104-809,2,,0,2
B000105,R000105-959,1,L000105-500,1,2
B000106,R000106-220|R000106-559|R000106-582,3,L000106-147,1,4
B000107,,0,,0,0
B000108,,0,,0,0
B000109,,0,,0,0
B000110,R000110-162|R000110-346|R000110-767,3,L000110-533,1,4
B000111,R000111-375,1,,0,1
B000112,R000112-951,1,L000112-914,1,2
B000113,R000113-542,1,L000113-218|L000113-702,2,3
B000114,R000114-307,1,L000114-829,1,2
B000115,,0,L000115-260,1,1
B000116,R000116-617,1,L000116-441,1,2
B000117,R000117-916,1,L000117-359|L000117-359-U,2,3
B000118,R000118-213|R000118-409,2,L000118-503|L000118-579,2,4
B000119,R000119-621|R001032-464|R001292-852|R001292-989,4,L000119-643|L000119-920,2,6
B000120,R000120-342|R000120-595|R000120-876,3,L000120-542,1,4
B000121,R000121-359|R000121-979,2,,0,2
B000122,R000122-571,1,L000122-549|L000122-660,2,3
B000123,R000123-403,1,,0,1
B000124,R000124-911,1,L000124-517|L000124-528,2,3
B000125,R001249-843,1,L000125-605|L000125-962,2,3
B000126,,0,L000126-351,1,1
B000127,R000127-234|R000127-680,2,L000127-409,1,3
B000128,R000128-539|R000128-561,2,L000128-157,1,3
B000129,R001234-481,1,L000129-754|L001234-526,2,3
B000130,R000130-665,1,L000130-272,1,2
B000131,R000131-447,1,L000131-678|L000131-688|L000131-866,3,4
B000132,R000132-249|R000132-400|R001219-422,3,,0,3
B000133,R000133-881,1,L000133-874|L000133-969,2,3
B000134,R000134-245,1,L000134-522,1,2
B000135,R000135-747|R000135-999,2,,0,2
B000136,R000136-640,1,L000136-858|L000136-858-U,2,3
B000137,R000137-526,1,L000137-353,1,2
B000138,R000138-619,1,L000138-634,1,2
B000139,R000139-187,1,L000139-264|L000139-942,2,3
B000140,R000140-840,1,L000140-634,1,2
B000141,R000141-665,1,,0,1
B000142,R000142-369|R000142-497,2,L000142-385|L000142-748,2,4
B000143,R000143-853,1,L000143-865,1,2
B000144,R000144-241|R000144-352|R000144-824,3,L000144-351,1,4
B000145,R000145-751,1,L000145-210|L000145-674,2,3
B000146,R000146-791,1,L000146-875,1,2
B000147,R000147-329,1,,0,1
B000148,R000148-709,1,L000148-684|L000148-770|L000148-821,3,4
B000149,R000149-332,1,L000149-209|L000149-815,2,3
B000150,R000150-304,1,L000150-442,1,2
B000151,R000151-286,1,,0,1
B000152,R000152-777,1,L000152-525,1,2
B000153,R000153-398,1,L000153-405,1,2
B000154,R000154-902,1,,0,1
B000155,,0,,0,0
B000156,R000156-325|R001238-488,2,L000156-245,1,3
B000157,R000157-101,1,,0,1
B000158,,0,L000158-200,1,1
B000159,R000159-759,1,,0,1
B000160,R000160-942,1,,0,1
B000161,R000161-254|R000161-593,2,L000161-167|L000161-569,2,4
B000162,R000162-978,1,L000162-353|L000162-785,2,3
B000163,R000163-433,1,L000163-250|L000163-321,2,3
B000164,R000164-733|R001246-293,2,L000164-404,1,3
B000165,R000165-436|R000165-768,2,L000165-678,1,3
B000166,R000166-936,1,L000166-238,1,2
B000167,R000167-112,1,L000167-454|L000167-465,2,3
B000168,R000168-730,1,,0,1
B000169,R000169-396|R000399-265,2,L000169-213,1,3
B000170,R000170-900,1,L000170-509|L000170-509-U,2,3
B000171,R000171-897|R000171-897-D,2,,0,2
B000172,,0,L000172-471|L000172-844|L001281-832,3,3
B000173,,0,L000173-285,1,1
B000174,R000174-681,1,L000174-207|L000174-791,2,3
B000175,R000175-495,1,L000175-120,1,2
B000176,R000176-200,1,,0,1
B000177,R000177-530|R000430-132,2,,0,2
B000178,,0,L000178-391,1,1
B000179,R000179-789|R001277-610,2,L000179-212|L000179-212-U|L000179-437|L001277-685,4,6
B000180,R000180-111|R000180-583,2,L000180-979,1,3
B000181,,0,L000181-926,1,1
B000182,R000182-288|R001276-803|R001276-910,3,L001208-311|L001276-704,2,5
B000183,R000183-602|R000183-644,2,L000183-761|L000183-850,2,4
B000184,R000184-488,1,,0,1
B000185,R000185-423,1,L000185-938|L001274-816,2,3
B000186,R000186-919,1,L000186-166,1,2
B000187,R000187-176|R000187-450|R001242-947,3,L000187-292|L001242-610,2,5
B000188,,0,L000188-635,1,1
B000189,R000189-140|R000189-969,2,L000189-578,1,3
B000190,R000190-302|R001269-828,2,L000190-141|L001269-778,2,4
B000191,R000191-367|R000191-716,2,L000191-368|L000191-701,2,4
B000192,R000192-150,1,L000192-365|L000192-580,2,3
B000193,R001285-113|R001285-175|R001285-408,3,L000193-403,1,4
B000194,R000194-515|R000194-766,2,,0,2
B000195,R000195-296|R000195-401,2,L000195-107,1,3
B000196,R000196-148|R000196-744,2,L000196-126|L000196-265,2,4
B000197,,0,,0,0
B000198,R000198-536,1,,0,1
B000199,R000199-903,1,L000199-705,1,2
B000200,R000200-672,1,L000200-386,1,2
B000201,R000201-824,1,L000201-658,1,2
B000202,R000202-142,1,,0,1
B000203,R000203-417|R000203-602,2,L000203-704,1,3
B000204,R000204-173|R000204-318,2,L000204-675,1,3
B000205,R000205-559|R000205-687,2,L000205-484,1,3
B000206,R000206-465,1,,0,1
B000207,R000207-103|R000207-910,2,,0,2
B000208,R000208-588|R000208-639,2,,0,2
B000209,,0,,0,0
B000210,R000210-406,1,L000210-705|L000210-705-U,2,3
B000211,R000211-498|R000211-706,2,L000211-985,1,3
B000212,R000212-424,1,,0,1
B000213,R000213-267,1,L000213-143,1,2
B000214,R000214-238|R000214-606,2,L000214-700,1,3
B000215,R000215-255,1,,0,1
B000216,,0,L000216-170|L000216-923,2,2
B000217,R000217-540,1,L000217-179|L001022-885-U,2,3
B000218,R000218-880,1,L000218-279|L000218-659,2,3
B000219,R000219-321,1,L000219-949,1,2
B000220,R000220-700,1,L000220-590|L000220-630,2,3
B000221,R000221-503|R000221-617,2,L000221-124|L000221-242,2,4
B000222,R000222-714,1,L000222-706,1,2
B000223,R000223-894,1,L000223-439,1,2
B000224,R000224-387|R000224-618,2,L000224-154,1,3
B000225,R000225-228,1,L000225-360|L000225-946,2,3
B000226,R000226-197,1,,0,1
B000227,R000227-444,1,L000227-371|L000227-626|L000227-915,3,4
B000228,R000228-704|R000228-728,2,L000228-150|L000228-530|L000228-530-U,3,5
B000229,R000229-127|R000229-604|R000229-653,3,L000229-263|L000229-327,2,5
B000230,,0,,0,0
B000231,R000231-311,1,L000231-750,1,2
B000232,R000232-733|R000232-760,2,L000232-733,1,3
B000233,,0,L000233-229,1,1
B000234,R000234-254|R000234-531,2,L000234-342|L000234-680,2,4
B000235,R000235-928|R001266-840,2,L000235-734,1,3
B000236,R000236-127|R000236-440,2,,0,2
B000237,R000237-795,1,L000237-415,1,2
B000238,R000238-640,1,L000238-737,1,2
B000239,R000239-676|R000239-707,2,L001280-433|L001280-604|L001280-647,3,5
B000240,R000240-975,1,L000240-131|L000240-363|L000240-363-U|L000240-879,4,5
B000241,R000241-554|R001259-214,2,L001259-380,1,3
B000242,R000242-342|R000242-861,2,L000242-238|L000242-275|L000242-282,3,5
B000243,R000243-118|R000243-512,2,L000243-577|L000243-577-U,2,4
B000244,R000244-823,1,L000244-723,1,2
B000245,R000245-413,1,L000245-633,1,2
B000246,R000246-331,1,L000246-716,1,2
B000247,,0,L000247-343,1,1
B000248,,0,,0,0
B000249,R000249-969,1,L000249-301|L000249-686,2,3
B000250,R000250-580,1,L000250-116,1,2
B000251,R000251-686|R000251-906,2,L000251-250,1,3
B000252,R000252-646,1,L000252-445,1,2
B000253,R000253-988,1,L000253-935,1,2
B000254,R000254-992,1,L000254-531|L000254-581,2,3
B000255,R000255-686|R000255-868,2,L000255-312,1,3
B000256,,0,L000256-118,1,1
B000257,R000257-139,1,L000257-519|L000257-927,2,3
B000258,R000258-402,1,L000258-702|L000258-911,2,3
B000259,R000259-510,1,,0,1
B000260,R000260-617,1,L000260-637|L000260-637-U,2,3
B000261,R000261-148|R000261-270,2,,0,2
B000262,R000262-568,1,L000262-102|L000262-284,2,3
B000263,R000263-895,1,,0,1
B000264,R000264-256|R000264-437,2,L000264-247|L000264-326,2,4
B000265,R000265-260|R000265-633|R000265-763,3,L000265-325|L000265-848,2,5
B000266,,0,L000266-173|L000266-173-U,2,2
B000267,R000267-182|R000267-278,2,L000267-787,1,3
B000268,,0,L000268-210|L000268-577|L000268-581,3,3
B000269,R000269-931|R001232-917,2,,0,2
B000270,,0,,0,0
B000271,R000271-585,1,L000271-243,1,2
B000272,R000272-116,1,L000272-364|L000272-364-U|L000289-896,3,4
B000273,R000273-571,1,,0,1
B000274,,0,L000274-882,1,1
B000275,,0,L000275-431|L000275-727,2,2
B000276,R000276-599,1,L000276-924|L000276-924-U,2,3
B000277,R000277-998,1,L000277-376,1,2
B000278,,0,L000278-655,1,1
B000279,,0,L000279-563|L000279-913,2,2
B000280,R000280-478|R000280-478-D|R000280-549|R000280-984,4,,0,4
B000281,R000281-202,1,L000281-630,1,2
B000282,R000282-852,1,L000282-541|L000282-541-U,2,3
B000283,,0,L000283-994,1,1
B000284,R000284-850|R000284-967,2,L000284-623,1,3
B000285,R000285-402,1,L000285-725|L000285-934|L000285-944,3,4
B000286,R000286-129|R000286-838,2,,0,2
B000287,R000287-618,1,L000287-431,1,2
B000288,R000288-996,1,L000288-459|L000288-479|L000288-760|L000288-760-U,4,5
B000289,R000289-605,1,L000289-896|L000289-964,2,3
B000290,R000290-177|R000290-787,2,L000290-414|L000290-952,2,4
B000291,R000291-358|R000291-922,2,,0,2
B000292,,0,L000292-532,1,1
B000293,,0,L000293-312,1,1
B000294,R000294-468,1,L000294-781,1,2
B000295,R000295-142|R000295-841,2,L000295-802,1,3
B000296,,0,L000296-155,1,1
B000297,R000297-136|R000297-649,2,L000297-782,1,3
B000298,R000298-324|R000298-844,2,L000298-719,1,3
B000299,,0,L000299-237|L000299-618,2,2
B000300,R000300-273,1,,0,1
B000301,R000301-385,1,L000301-451,1,2
B000302,R000302-721,1,,0,1
B000303,R000303-566,1,L000303-561,1,2
B000304,R000304-667|R000304-743,2,,0,2
B000305,R000305-242,1,,0,1
B000306,R000306-162|R000306-688,2,L000306-292|L000306-370,2,4
B000307,,0,L000307-386,1,1
B000308,R000308-266|R000308-532,2,,0,2
B000309,R000309-136,1,L000309-196|L000309-555|L000309-862,3,4
B000310,R000310-506,1,L000310-568|L000310-568-U|L000310-581,3,4
B000311,,0,L000311-476|L000311-740,2,2
B000312,,0,,0,0
B000313,R000313-233|R000313-994,2,L000313-229,1,3
B000314,R000314-783,1,,0,1
B000315,R000315-177,1,L000315-825,1,2
B000316,R000316-291|R000316-404|R001284-599,3,L000316-382|L000316-785|L000316-844,3,6
B000317,R000317-291,1,L000317-162,1,2
B000318,R000318-504,1,,0,1
B000319,R000319-369,1,L000319-273,1,2
B000320,R000320-720|R000320-832,2,L000320-180|L000320-810,2,4
B000321,R000321-772|R001240-198|R001240-870|R001240-955,4,L000321-161|L000321-984,2,6
B000322,R000322-307|R000322-346,2,,0,2
B000323,R000323-504,1,L000323-181,1,2
B000324,R000324-284,1,L000324-976,1,2
B000325,R000325-615,1,L000325-854,1,2
B000326,R000326-703,1,L000326-153,1,2
B000327,R000327-940,1,L000327-700|L000327-885,2,3
B000328,,0,L000328-395|L000328-852|L000328-852-U,3,3
B000329,,0,L000329-262,1,1
B000330,R000330-116|R000330-549,2,L000330-906,1,3
B000331,R000331-866,1,L000331-149,1,2
B000332,R000332-211|R000332-264|R000332-504,3,L000332-832,1,4
B000333,R000333-142,1,,0,1
B000334,R000334-563|R001255-658|R001255-824,3,L000334-295,1,4
B000335,R000335-368|R000335-523|R000335-842|R001250-159|R001250-325|R001250-735,6,L000335-942|L001250-715,2,8
B000336,R000336-180|R000336-199|R000336-199-D|R000336-468|R001218-761,5,L000336-368,1,6
B000337,R000337-909,1,L000337-471|L000337-806,2,3
B000338,R000338-103,1,L000338-110,1,2
B000339,R000339-572|R000339-747,2,L000339-149|L000339-867,2,4
B000340,R000340-215|R001204-432|R001204-533,3,L000340-464|L001204-902,2,5
B000341,R000341-186|R000341-694,2,,0,2
B000342,R000342-259|R000342-865|R000342-894,3,,0,3
B000343,R000343-794|R000343-986,2,,0,2
B000344,R000344-254,1,L000344-564|L000344-828,2,3
B000345,,0,L000345-339|L000345-339-U,2,2
B000346,,0,L000346-561,1,1
B000347,R000347-251|R000347-775,2,L000347-128|L000347-411|L000347-511,3,5
B000348,,0,L000348-682,1,1
B000349,R000349-754,1,L000349-209|L000349-470|L000349-741,3,4
B000350,R000350-613,1,L000350-847,1,2
B000351,R000351-786,1,,0,1
B000352,R000352-687,1,L000352-130|L000352-130-U|L000352-250|L000352-267,4,5
B000353,R000353-987,1,,0,1
B000354,R000354-161|R000354-299,2,,0,2
B000355,R000355-382|R000355-616|R000355-978,3,L000355-487|L000355-689,2,5
B000356,R000356-511,1,L000356-340|L000356-367,2,3
B000357,R000357-501,1,L000357-351,1,2
B000358,,0,,0,0
B000359,R000359-650,1,L000359-639|L000359-776,2,3
B000360,R000360-923|R000360-946|R001201-646,3,L000360-129|L000360-311|L000360-999|L000360-999-U|L001201-954,5,8
B000361,R000361-877|R001279-885,2,L000361-684,1,3
B000362,R000362-716|R000362-754,2,L000362-644,1,3
B000363,R000363-331,1,L000363-324,1,2
B000364,R000364-213|R000364-888,2,,0,2
B000365,R000365-197,1,L000365-433,1,2
B000366,R000366-641|R000366-772,2,L000366-873|L000366-873-U,2,4
B000367,,0,L000367-187|L000367-187-U,2,2
B000368,R000368-238|R000368-646,2,L000368-560,1,3
B000369,R000369-288,1,,0,1
B000370,,0,L000370-477|L000370-477-U,2,2
B000371,R000371-195|R000371-329,2,L000371-433,1,3
B000372,R000372-786,1,,0,1
B000373,R000373-603,1,L000373-593,1,2
B000374,R000374-772|R000374-847,2,L000374-980,1,3
B000375,R000375-727,1,L000375-750,1,2
B000376,R000376-109,1,L000376-251|L000376-381,2,3
B000377,R000377-384|R000377-541,2,L000377-724,1,3
B000378,R000378-486,1,L000378-595,1,2
B000379,R000379-586,1,L000379-481,1,2
B000380,R000380-488|R000380-665|R000380-774,3,L000380-939,1,4
B000381,R000381-248|R001235-529|R001235-891,3,L000381-962|L001235-729,2,5
B000382,R000382-794|R000382-884,2,,0,2
B000383,R000383-477,1,L000383-589|L000383-744,2,3
B000384,R000384-284|R000384-876,2,L000384-938,1,3
B000385,R000385-542|R001293-716|R001293-964,3,L000385-260|L001293-804|L001293-878,3,6
B000386,R000386-857,1,L000386-417,1,2
B000387,R000387-548,1,L000387-130|L000387-691|L000387-921,3,4
B000388,R000388-327,1,,0,1
B000389,R000389-173,1,L000389-542,1,2
B000390,R000390-130|R000390-585|R001215-502,3,L000390-194,1,4
B000391,,0,L000391-586,1,1
B000392,R000392-208,1,L000392-525,1,2
B000393,,0,L000393-281|L000393-742,2,2
B000394,R000394-343,1,L000394-365|L000394-365-U,2,3
B000395,R000395-829,1,,0,1
B000396,R000396-841|R000396-948,2,L000396-568|L000396-789,2,4
B000397,R000397-702,1,L000397-460,1,2
B000398,,0,,0,0
B000399,R000169-396|R000399-265,2,L000399-142|L000399-487|L000399-785,3,5
B000400,R000400-503,1,L000400-702,1,2
B000401,,0,L000401-317,1,1
B000402,R000402-427,1,L000402-242,1,2
B000403,,0,,0,0
B000404,R000404-398,1,L000404-931,1,2
B000405,R000405-351,1,L000405-385,1,2
B000406,,0,,0,0
B000407,R000407-581|R000407-643,2,L000407-743|L000407-909,2,4
B000408,R000408-447|R000408-454|R000408-927,3,L000408-658,1,4
B000409,R000409-818,1,L000409-824|L000409-824-U,2,3
B000410,R000410-662|R000410-728,2,L000410-538,1,3
B000411,R000411-256|R000411-305,2,L000411-578,1,3
B000412,R000412-249,1,L000412-311,1,2
B000413,,0,,0,0
B000414,R000414-570,1,L000414-291,1,2
B000415,R000415-223|R000415-781,2,L000415-861,1,3
B000416,R000416-325,1,L000416-137,1,2
B000417,R000417-895,1,L000417-287|L000417-304,2,3
B000418,R000418-290,1,L000418-251,1,2
B000419,R001270-530,1,L000419-404,1,2
B000420,R000420-391,1,L000420-486,1,2
B000421,R000421-150|R000421-704,2,L000421-210,1,3
B000422,R000422-590|R000422-815|R001288-886,3,L000422-334|L001288-164,2,5
B000423,R000423-533,1,,0,1
B000424,,0,L000424-882,1,1
B000425,R000425-325|R000425-475,2,,0,2
B000426,R000426-115|R000426-508,2,L000426-107|L000426-162,2,4
B000427,,0,L000427-436,1,1
B000428,R000428-126,1,L000428-797,1,2
B000429,R000429-546,1,,0,1
B000430,R000177-530|R000430-132|R000430-179|R000430-602,4,,0,4
B000431,R000431-405|R000431-837|R000431-863,3,L000431-114|L000431-974,2,5
B000432,,0,L000432-259,1,1
B000433,R000433-165,1,L000433-193|L000433-356|L000433-615,3,4
B000434,R000434-764,1,,0,1
B000435,R000435-617,1,L000435-189|L000435-219,2,3
B000436,R000436-251,1,L000436-165,1,2
B000437,R000437-608|R000437-887,2,L000437-599,1,3
B000438,R000438-809,1,L000438-217|L000438-442,2,3
B000439,R000439-323,1,L000439-605,1,2
B000440,,0,L000440-106|L000440-106-U,2,2
B000441,R000441-876,1,,0,1
B000442,R000442-593,1,L000442-163,1,2
B000443,R000443-190,1,L000443-182|L000443-598|L000443-598-U,3,4
B000444,,0,L000444-326,1,1
B000445,R000445-616,1,L000445-180,1,2
B000446,R000446-614,1,L000446-375,1,2
B000447,R000447-640,1,L000447-445,1,2
B000448,R000448-630,1,L000448-581|L000448-863,2,3
B000449,,0,,0,0
B000450,R000450-167|R000450-934,2,L000450-201|L000450-363,2,4
B000451,,0,L000451-791,1,1
B000452,R000452-878,1,,0,1
B000453,R000453-700,1,L000453-650|L000453-833,2,3
B000454,R000454-201,1,L000454-299,1,2
B000455,R000455-262,1,,0,1
B000456,R000456-755,1,,0,1
B000457,R000457-414|R001251-218,2,,0,2
B000458,R000458-312|R000458-986,2,,0,2
B000459,R001260-207|R001260-479,2,L001260-146,1,3
B000460,R000460-137,1,L000460-556,1,2
B000461,R000461-779|R000461-997|R001028-927,3,L000461-261|L000461-863,2,5
B000462,R000462-148,1,L000462-674,1,2
B000463,R000463-238,1,,0,1
B000464,R000464-866|R001291-114,2,L000464-259|L000464-454|L001291-635|L001291-771|L001291-793,5,7
B000465,R000465-257|R000465-946,2,L000465-195|L000465-686,2,4
B000466,R000466-729|R000466-820,2,L000466-106|L000466-106-U,2,4
B000467,R000467-507|R000467-956,2,L000467-138|L000467-389,2,4
B000468,R000468-605,1,L000468-153,1,2
B000469,R000469-244|R000469-746,2,,0,2
B000470,R000470-956|R001142-153|R001142-632,3,,0,3
B000471,R000471-681|R000471-762,2,L000471-964,1,3
B000472,,0,,0,0
B000473,R000473-565,1,,0,1
B000474,,0,L000474-134,1,1
B000475,R000475-640,1,L000475-410|L000475-468|L000475-779,3,4
B000476,R000476-101,1,L000476-627|L000476-886,2,3
B000477,R000477-506|R000477-976|R001253-225,3,L000477-514|L001253-517,2,5
B000478,R000478-762,1,L000478-269,1,2
B000479,R000479-861,1,L000479-234|L000479-322,2,3
B000480,,0,L000480-327,1,1
B000481,R000481-715,1,,0,1
B000482,,0,,0,0
B000483,R000483-109|R001225-815,2,L000483-726|L001225-425,2,4
B000484,R000484-721,1,,0,1
B000485,,0,,0,0
B000486,,0,L000486-245,1,1
B000487,R000487-280|R000487-898,2,L000487-160|L000487-513,2,4
B000488,R000488-102,1,L000488-345|L000488-816,2,3
B000489,R000489-322|R000489-418,2,L000489-915,1,3
B000490,R000490-333,1,L000490-132,1,2
B000491,R000491-349|R000491-485,2,L000491-638|L000491-782,2,4
B000492,R000492-660,1,L000492-494,1,2
B000493,R000493-740,1,L000493-126|L000493-278|L000493-781,3,4
B000494,R000494-545|R000494-846,2,,0,2
B000495,R000495-502,1,L000495-190,1,2
B000496,R000496-386|R001272-131|R001272-876,3,L000496-354,1,4
B000497,R000497-113|R000497-187,2,L000497-176,1,3
B000498,R000498-522|R000498-706,2,L000498-978,1,3
B000499,R000499-163|R000499-831,2,L000499-666|L000499-960,2,4
B000500,R000500-545|R000500-861,2,L000500-479,1,3
B000501,R000501-511,1,L000501-273|L000501-569|L000501-905,3,4
B000502,R000502-473|R000502-499|R000502-857,3,L000502-120,1,4
B000503,,0,,0,0
B000504,R000504-570,1,L000504-336,1,2
B000505,R000505-910,1,,0,1
B000506,,0,L000506-246,1,1
B000507,R000507-200|R000507-670,2,L000507-202,1,3
B000508,R000508-842|R001295-366,2,L001295-968,1,3
B000509,,0,,0,0
B000510,R000510-852|R000510-928,2,L000510-212,1,3
B000511,R000511-536,1,,0,1
B000512,R000512-172,1,L000512-740,1,2
B000513,R000513-121|R000513-625,2,L000513-958,1,3
B000514,R000514-189|R000514-825,2,L000514-563,1,3
B000515,R000515-527,1,,0,1
B000516,R000516-537,1,L000516-198,1,2
B000517,R000517-935|R001221-490,2,L000517-142|L001221-587,2,4
B000518,R000518-248,1,L000518-434|L000518-886,2,3
B000519,R000519-528,1,,0,1
B000520,R000520-302,1,L000520-110|L000520-969,2,3
B000521,R000521-667,1,L000521-476|L000521-524,2,3
B000522,R000522-377,1,L000522-146|L000522-462,2,3
B000523,,0,L000523-569|L000523-924,2,2
B000524,R000524-173|R000524-382|R000524-406,3,L000524-509|L000524-570|L000524-570-U|L000524-815,4,7
B000525,,0,L000525-672,1,1
B000526,R000526-353|R000526-527,2,L000526-615,1,3
B000527,,0,L000527-469|L000527-542,2,2
B000528,R000528-240,1,L000528-191,1,2
B000529,R000529-137|R000529-430,2,,0,2
B000530,,0,L000530-785|L000530-785-U,2,2
B000531,,0,L000531-379,1,1
B000532,R000532-174|R000532-831,2,L000532-912,1,3
B000533,R000533-181|R000533-944,2,L000533-860,1,3
B000534,R000534-544,1,L000534-717|L000534-982,2,3
B000535,R000535-131|R000535-659,2,,0,2
B000536,R000536-373|R000536-517|R000536-853,3,L000536-133,1,4
B000537,,0,L000537-206,1,1
B000538,,0,,0,0
B000539,R000539-369,1,,0,1
B000540,R000540-234|R000540-998,2,,0,2
B000541,R000541-634,1,L000541-901,1,2
B000542,R000542-689|R001254-826,2,L000542-826,1,3
B000543,R000543-848|R000543-961|R001217-233|R001217-233-D|R001217-419,5,L000543-257|L000543-314|L000543-966,3,8
B000544,R000544-241,1,L000544-114,1,2
B000545,R000545-566,1,L000545-434|L000545-600,2,3
B000546,R000546-788|R000546-839,2,L000546-325|L000546-917|L000546-917-U,3,5
B000547,R000547-558,1,,0,1
B000548,R000548-992,1,L000548-936,1,2
B000549,R000549-763,1,,0,1
B000550,R000550-829,1,,0,1
B000551,,0,L000551-542,1,1
B000552,R000552-379|R000552-822,2,L000552-761,1,3
B000553,R000553-152|R000553-771,2,L000553-554,1,3
B000554,R000554-142|R000554-255,2,L000554-196|L000554-507,2,4
B000555,R000555-678|R000555-678-D|R000555-704|R000555-731,4,L000555-131|L000555-686,2,6
B000556,R000556-452,1,L000556-192,1,2
B000557,,0,,0,0
B000558,R000558-830|R000558-954,2,,0,2
B000559,R001239-209|R001239-993,2,,0,2
B000560,R000560-221,1,L000560-140,1,2
B000561,R000561-366,1,L000561-228,1,2
B000562,,0,L000562-870,1,1
B000563,,0,,0,0
B000564,R000564-206|R000564-633|R000564-643,3,L001216-672,1,4
B000565,R000565-141,1,,0,1
B000566,R000566-847,1,,0,1
B000567,R000567-526,1,L000567-669,1,2
B000568,,0,,0,0
B000569,R000569-729,1,,0,1
B000570,R000570-731|R000570-774,2,,0,2
B000571,R000571-455,1,L000571-841,1,2
B000572,,0,L000572-504|L001257-618,2,2
B000573,R000573-280|R000573-625|R000573-837,3,L000573-563|L000573-679,2,5
B000574,R000574-289,1,L000574-609,1,2
B000575,R000575-916,1,L000575-386,1,2
B000576,R000576-207,1,L000576-791|L000576-791-U,2,3
B000577,R000577-348|R000577-446|R000577-784,3,L000577-580|L000577-616,2,5
B000578,R000578-973,1,,0,1
B000579,R000579-391,1,L000579-644|L000579-662|L000579-704,3,4
B000580,R000580-231|R000580-947,2,L000580-159|L000580-835,2,4
B000581,R000581-805|R000581-929,2,L000581-407,1,3
B000582,R000582-149|R000582-182,2,L000582-845,1,3
B000583,,0,L000583-378|L000583-801|L000583-801-U,3,3
B000584,R000529-430,1,L000584-417|L000584-846,2,3
B000585,R000585-901,1,L000585-704|L000585-830,2,3
B000586,R000586-290,1,L000586-418|L000586-744,2,3
B000587,R000587-332,1,L000587-902,1,2
B000588,,0,L000588-736,1,1
B000589,R000589-118,1,L000589-122,1,2
B000590,,0,L000590-331,1,1
B000591,R000591-574|R000591-757,2,,0,2
B000592,R000592-439,1,L000592-400|L000592-489,2,3
B000593,R000593-520|R000593-576|R000593-673,3,L000593-891,1,4
B000594,R000594-401,1,L000594-587,1,2
B000595,R000595-782,1,L000595-591,1,2
B000596,R000596-286|R000596-575|R000596-922,3,,0,3
B000597,R000597-733,1,L000597-791,1,2
B000598,R000598-962,1,L000598-538|L000598-745|L000598-956,3,4
B000599,R000599-851,1,L000599-844,1,2
B000600,R000600-283|R000600-708|R000600-997,3,L000600-258,1,4
B000601,R000601-369,1,L000601-211|L000601-516|L000601-826,3,4
B000602,R000602-390,1,L000602-573|L000602-624,2,3
B000603,R000603-677,1,,0,1
B000604,R000604-604,1,L000604-284,1,2
B000605,R000605-373,1,L000605-600,1,2
B000606,R000606-545,1,,0,1
B000607,R000607-215,1,,0,1
B000608,,0,L001237-382,1,1
B000609,R000609-819,1,L000609-598,1,2
B000610,R000610-611|R000610-849,2,L000610-505,1,3
B000611,,0,,0,0
B000612,,0,L000612-377|L000612-377-U|L000612-624,3,3
B000613,R000613-704,1,,0,1
B000614,R000614-604,1,L000614-268,1,2
B000615,R000615-133|R000615-410|R000615-944,3,L000615-186,1,4
B000616,,0,L000616-366,1,1
B000617,R000617-559,1,L000617-471,1,2
B000618,R000618-492,1,L000618-130,1,2
B000619,R000619-450|R000619-794|R001283-201,3,L000619-943|L001283-139|L001283-851,3,6
B000620,R000620-632,1,,0,1
B000621,R000621-302,1,L000621-177|L000621-608,2,3
B000622,R000622-245|R000622-877,2,L000622-115,1,3
B000623,,0,,0,0
B000624,,0,L000624-836,1,1
B000625,R000625-959,1,L000625-737,1,2
B000626,R000626-434,1,L000234-680|L000626-779,2,3
B000627,R000627-318,1,,0,1
B000628,R000628-142,1,,0,1
B000629,R000629-679|R000629-834|R000629-927,3,,0,3
B000630,R000630-181,1,L000630-781|L000630-781-U,2,3
B000631,R000631-127|R000631-296,2,L000631-898,1,3
B000632,R000632-368,1,L000632-278,1,2
B000633,R000633-890,1,L000633-408|L000633-423|L000633-516,3,4
B000634,R000634-770,1,L000634-814,1,2
B000635,R000635-125|R000635-925|R000635-984,3,L000635-164,1,4
B000636,R000636-352,1,L000636-766|L000636-836,2,3
B000637,R000637-371,1,L000637-135|L000637-954,2,3
B000638,R000638-445|R000638-817|R000638-941,3,L000638-544,1,4
B000639,R000639-134,1,,0,1
B000640,,0,L000640-171,1,1
B000641,R000641-438,1,L001267-917,1,2
B000642,R000642-190,1,L000642-798,1,2
B000643,,0,L000700-530,1,1
B000644,R000644-791,1,L000644-574|L000644-664,2,3
B000645,,0,L000645-435,1,1
B000646,R000646-580,1,L000646-198|L000646-205,2,3
B000647,R000647-415|R000647-944,2,L000647-126|L000647-737|L000647-737-U,3,5
B000648,R000648-932,1,,0,1
B000649,R000649-233,1,L000649-102|L000649-268,2,3
B000650,,0,L000650-205|L000650-483,2,2
B000651,R000651-647,1,L000651-623,1,2
B000652,,0,L000652-264,1,1
B000653,R000653-237|R000653-482,2,L000653-794,1,3
B000654,R000654-510,1,L000654-155,1,2
B000655,,0,L000655-322|L000655-600,2,2
B000656,R000656-557,1,L000656-990,1,2
B000657,R000657-942,1,L000657-592,1,2
B000658,R000658-308|R000658-663,2,,0,2
B000659,R000659-579,1,L000659-222|L000659-853,2,3
B000660,R000660-546|R000660-844,2,L000660-823,1,3
B000661,R000661-416,1,L000661-132,1,2
B000662,R000662-902,1,L000662-591|L001258-375,2,3
B000663,,0,L000663-187,1,1
B000664,R000664-957|R001265-836,2,L000664-154|L000664-694|L001265-119,3,5
B000665,R000665-932|R000665-964,2,L000665-127|L000665-237|L000665-692,3,5
B000666,R000666-623,1,L000666-113,1,2
B000667,R000667-733,1,L000667-179|L000667-208|L000667-857,3,4
B000668,,0,L000668-127|L000668-595|L000668-595-U|L000668-727,4,4
B000669,,0,,0,0
B000670,R000670-556,1,L000670-223|L000670-549,2,3
B000671,R000671-750,1,,0,1
B000672,R000672-885,1,L000672-607,1,2
B000673,R000673-142,1,,0,1
B000674,R000674-506|R000674-841,2,L000674-435|L000674-457,2,4
B000675,R000675-235|R000675-567,2,L000675-602,1,3
B000676,,0,,0,0
B000677,R000677-606,1,L000677-167|L000677-617|L000677-806,3,4
B000678,R000678-848,1,L000678-369,1,2
B000679,R000679-318|R000679-810,2,,0,2
B000680,R000680-598,1,L000680-476|L000680-618,2,3
B000681,R000681-121|R000681-613,2,L000681-451|L000681-495,2,4
B000682,R000682-321,1,L000682-437|L001227-234,2,3
B000683,R000683-718,1,,0,1
B000684,,0,L000684-176,1,1
B000685,,0,,0,0
B000686,R000686-155|R000686-349|R000686-884,3,L000686-342|L000686-937,2,5
B000687,R000687-703,1,L000687-312,1,2
B000688,R000688-316|R000688-793,2,L000688-640|L000688-779,2,4
B000689,R000689-424|R000689-506|R001222-799,3,L000689-170|L000689-768,2,5
B000690,R000690-159|R000690-930,2,L000690-454,1,3
B000691,,0,L000691-344|L000691-545,2,2
B000692,R000692-324|R000692-887,2,L000692-250|L000692-304|L000692-748,3,5
B000693,R000693-192|R000693-199,2,L000693-173,1,3
B000694,R000694-757|R000694-786,2,L000694-711,1,3
B000695,R000695-844,1,L000695-669|L000695-669-U,2,3
B000696,R000696-242|R000696-909,2,L000696-281|L000696-934,2,4
B000697,R000697-721,1,L000697-657,1,2
B000698,R000698-370,1,L000698-765,1,2
B000699,R000699-936|R000699-936-D,2,L000699-381,1,3
B000700,R000700-692,1,L000700-262|L000700-530,2,3
B000701,,0,L000701-262,1,1
B000702,R000702-559,1,L000702-472|L000702-481|L000702-799,3,4
B000703,R000703-368,1,L000703-469|L000703-916,2,3
B000704,R000704-560|R000704-951,2,L000704-130|L000704-130-U|L000704-749,3,5
B000705,R000705-161|R000705-620,2,,0,2
B000706,R000706-466,1,L000706-265,1,2
B000707,R000707-320|R000707-678,2,L000707-234|L000707-573,2,4
B000708,R001294-399|R001294-598,2,L000708-950,1,3
B000709,R000709-426,1,L000709-328,1,2
B000710,R000710-420,1,L000710-287,1,2
B000711,,0,L000711-424|L000711-424-U|L001236-322,3,3
B000712,R000712-259,1,L000712-888,1,2
B000713,,0,,0,0
B000714,R000714-510|R000714-999,2,L000714-755,1,3
B000715,R000715-374,1,L000715-297|L000715-398,2,3
B000716,,0,L000716-365,1,1
B000717,R000717-573,1,L000717-266,1,2
B000718,,0,L000718-740,1,1
B000719,,0,L000719-216,1,1
B000720,R000720-923,1,L000720-844,1,2
B000721,R000721-288,1,L000721-855,1,2
B000722,R000722-490,1,L000722-673|L000722-768,2,3
B000723,R000723-475,1,L000723-418|L000723-863,2,3
B000724,R000724-163|R001264-358,2,L000724-301|L001264-475|L001264-638,3,5
B000725,R000725-566,1,L000725-849,1,2
B000726,R000726-312|R000726-864,2,L000726-183,1,3
B000727,R000727-108|R000727-760|R000727-776,3,L000727-904,1,4
B000728,R000728-133|R000728-845|R000728-845-D,3,L000728-839,1,4
B000729,R000729-914,1,L000729-678,1,2
B000730,,0,,0,0
B000731,,0,L000731-854|L001099-663-U,2,2
B000732,R000732-331|R000732-662,2,L000732-805,1,3
B000733,R000733-485,1,L000733-511|L000733-540,2,3
B000734,R000734-741|R000734-849,2,,0,2
B000735,R000735-532|R000735-670|R000735-901,3,L000735-471|L000735-584,2,5
B000736,R000736-617|R000736-698,2,L000736-683|L000736-878,2,4
B000737,R000737-125|R000737-392|R000737-715,3,,0,3
B000738,R000738-405,1,,0,1
B000739,R000739-340|R000739-441,2,L000739-634|L000739-781,2,4
B000740,,0,L000740-228|L000740-521,2,2
B000741,R000741-730,1,L000741-455|L000741-578,2,3
B000742,R000742-471|R000742-499,2,L000742-371|L000742-713,2,4
B000743,R000743-880,1,L000743-186|L000743-611,2,3
B000744,R000744-428,1,L000744-824,1,2
B000745,,0,,0,0
B000746,R000746-188,1,L000746-908,1,2
B000747,R000747-623|R000747-673,2,L000747-383|L000747-783,2,4
B000748,R000748-233,1,L000748-451,1,2
B000749,R000749-373,1,L000749-563,1,2
B000750,R000750-815|R000750-855,2,L000750-114,1,3
B000751,R000751-426,1,L000751-163,1,2
B000752,,0,L000752-182|L000752-615|L000752-887,3,3
B000753,,0,,0,0
B000754,,0,,0,0
B000755,R000755-115|R001247-719,2,L000755-385|L001247-909,2,4
B000756,R000756-281,1,L000756-278,1,2
B000757,R000757-228|R000757-635,2,,0,2
B000758,,0,L000758-245|L000758-857,2,2
B000759,R000759-190,1,L000759-612,1,2
B000760,R000760-103|R000760-665,2,L000760-483|L000760-483-U|L000760-907,3,5
B000761,R000761-563,1,L000761-163|L000761-310,2,3
B000762,R001213-209,1,L000762-222,1,2
B000763,R000763-393,1,L000763-280|L000763-479|L000763-864,3,4
B000764,R000764-618,1,L000764-121|L000764-681,2,3
B000765,,0,L000765-339,1,1
B000766,R000766-864,1,,0,1
B000767,R000767-954,1,L000767-584|L000767-600,2,3
B000768,R000768-864,1,L000768-137,1,2
B000769,R000769-257|R000769-513,2,,0,2
B000770,R000770-721,1,,0,1
B000771,R000771-394,1,L000412-311-U,1,2
B000772,R000772-137|R000772-425,2,,0,2
B000773,R000773-960,1,L000773-161,1,2
B000774,R000774-242|R000774-656,2,,0,2
B000775,R000775-234,1,L000775-572|L000775-639|L000775-903,3,4
B000776,R000776-545,1,L000776-523,1,2
B000777,R000777-255,1,L001207-761,1,2
B000778,R000778-711,1,,0,1
B000779,R000779-174,1,L000779-277,1,2
B000780,R000780-521,1,L000780-421,1,2
B000781,R000781-215|R000781-251|R001263-834,3,L000781-834,1,4
B000782,R000782-142|R000782-683|R001243-132|R001243-462|R001243-813,5,L000782-220,1,6
B000783,R000783-657,1,,0,1
B000784,R000784-371|R000784-914,2,L000784-893,1,3
B000785,R000785-157|R000785-806,2,,0,2
B000786,R000786-267|R000786-634,2,L000786-663,1,3
B000787,R000787-871,1,,0,1
B000788,R000788-415|R000788-444|R000788-731,3,L000788-557|L000788-602,2,5
B000789,R000789-259|R000789-802,2,L000789-141|L000789-310,2,4
B000790,R000790-647,1,,0,1
B000791,R000791-423,1,L000791-446,1,2
B000792,R000792-350,1,L000792-400,1,2
B000793,R000793-627,1,L000793-551|L000793-848,2,3
B000794,R000794-271|R000794-378|R000794-941,3,L000794-562|L000794-818,2,5
B000795,R000795-797,1,L000795-283|L000795-283-U,2,3
B000796,R000796-130|R000796-246,2,L000796-357,1,3
B000797,R000797-273,1,,0,1
B000798,R000798-324|R001244-937,2,L000798-649|L001244-754,2,4
B000799,,0,L000799-301|L000799-549,2,2
B000800,R000800-206|R000800-445,2,L000800-164,1,3
B000801,R000801-600,1,L000801-846,1,2
B000802,R000802-211|R000802-341|R001172-386|R001172-706,4,L000802-614,1,5
B000803,,0,,0,0
B000804,R000804-505,1,,0,1
B000805,R000805-362|R000805-876,2,L000805-745,1,3
B000806,R000806-164,1,,0,1
B000807,R000807-712,1,L000807-156,1,2
B000808,R000808-214,1,,0,1
B000809,R000809-254|R000809-640|R000809-987,3,L000809-246|L000809-609,2,5
B000810,,0,L000810-760,1,1
B000811,R000811-105,1,L000811-674,1,2
B000812,R000812-515,1,L000812-788,1,2
B000813,R000813-197|R000813-327,2,,0,2
B000814,R000814-584,1,L000814-794,1,2
B000815,R000815-790|R000815-914,2,L000815-785,1,3
B000816,R000816-249|R000816-579,2,L000816-474|L000816-910,2,4
B000817,R000817-839,1,L000817-593,1,2
B000818,R000818-248,1,,0,1
B000819,,0,L000819-488|L000819-759,2,2
B000820,,0,L000820-724|L000820-919,2,2
B000821,R000821-450,1,L000821-631|L000821-730|L001210-634|L001210-690,4,5
B000822,,0,L000822-549,1,1
B000823,R000823-744,1,L000823-695,1,2
B000824,R000824-559|R000824-741,2,L000824-651,1,3
B000825,R000825-825|R000825-895,2,L000825-185|L000825-595,2,4
B000826,R000826-384,1,L000826-532,1,2
B000827,R000827-326,1,,0,1
B000828,R000828-685,1,L000828-637,1,2
B000829,,0,,0,0
B000830,R000830-675,1,L000830-420,1,2
B000831,R000831-118,1,L000831-361,1,2
B000832,,0,L000832-563,1,1
B000833,R000833-458,1,L000833-309,1,2
B000834,,0,L000834-127,1,1
B000835,R000835-362,1,L000835-325|L000835-740|L000835-912,3,4
B000836,R000836-104,1,L000836-804,1,2
B000837,R000837-353,1,,0,1
B000838,R000838-317,1,L000838-357|L000838-890,2,3
B000839,R000839-786,1,L000839-262,1,2
B000840,R000840-559,1,L000840-907,1,2
B000841,R000841-550,1,,0,1
B000842,R000842-124|R000842-484|R000842-523,3,L000842-636,1,4
B000843,R000843-364,1,,0,1
B000844,R000844-781,1,L000844-341,1,2
B000845,,0,L000845-167,1,1
B000846,R000846-536,1,,0,1
B000847,,0,L000847-498,1,1
B000848,R000848-682|R000848-841,2,L000848-304,1,3
B000849,R000849-396,1,L000849-989,1,2
B000850,,0,L000850-569|L000850-933,2,2
B000851,R000851-425,1,,0,1
B000852,R000852-325|R000852-518|R001226-594|R001226-997,4,L000852-482,1,5
B000853,R000853-594|R000853-780,2,L000853-178,1,3
B000854,R000854-708,1,L000854-871,1,2
B000855,R000855-703,1,L000731-854,1,2
B000856,R000856-694,1,L000856-376,1,2
B000857,R000857-298|R000857-452,2,L000857-541,1,3
B000858,R000858-313|R001231-629,2,L001231-564,1,3
B000859,R000859-679,1,L000859-560|L000859-674,2,3
B000860,R000860-767,1,L000860-674,1,2
B000861,,0,,0,0
B000862,R000862-293|R000862-809|R000862-954,3,,0,3
B000863,R000863-282,1,L000863-542|L000863-885,2,3
B000864,,0,L000864-585,1,1
B000865,R001229-705,1,L000865-921,1,2
B000866,R000866-155|R000866-495|R000866-699,3,L000866-159|L000866-210,2,5
B000867,R000867-724|R000867-899,2,L000867-862,1,3
B000868,,0,L000868-335|L000868-618|L000868-907,3,3
B000869,R000869-619|R000869-738,2,L000869-345,1,3
B000870,,0,,0,0
B000871,R000871-152|R000871-701,2,,0,2
B000872,R000872-114,1,,0,1
B000873,,0,L000873-366|L000873-370,2,2
B000874,R000874-171|R000874-332,2,L000874-239,1,3
B000875,R000875-873,1,,0,1
B000876,R000876-252|R000876-856,2,L000876-372,1,3
B000877,R000877-655|R000877-803|R001223-474,3,L000877-354|L000877-972|L000877-972-U|L001223-403,4,7
B000878,R000878-711,1,L000878-532,1,2
B000879,,0,L000879-134|L000879-185|L000879-344,3,3
B000880,,0,,0,0
B000881,R000881-612|R001289-281,2,L001289-983,1,3
B000882,,0,,0,0
B000883,R000883-567,1,L000883-632,1,2
B000884,R000884-922,1,L000884-890,1,2
B000885,R000885-426,1,L000885-432,1,2
B000886,R000886-508,1,L000886-245|L000886-933,2,3
B000887,R000887-395,1,,0,1
B000888,R000888-185|R000888-894,2,L000888-363,1,3
B000889,R000889-859,1,L000889-195,1,2
B000890,R000890-614,1,L000293-312-U|L000890-215,2,3
B000891,R000891-112|R000891-802,2,L000891-246|L000891-429,2,4
B000892,R000892-533,1,,0,1
B000893,,0,L000893-181,1,1
B000894,R000894-599,1,,0,1
B000895,R000895-637,1,,0,1
B000896,R000896-625|R000896-889|R000896-995,3,L000896-407|L000896-877,2,5
B000897,R000897-979,1,L000897-181|L000897-245,2,3
B000898,R000898-183,1,L000898-112|L000898-112-U,2,3
B000899,R000899-823|R000899-942,2,L000899-155|L000899-155-U|L000899-175,3,5
B000900,R000900-696,1,L000900-515|L000900-515-U|L000900-833,3,4
B000901,R000901-674,1,,0,1
B000902,R000902-383|R000902-705,2,L000902-303,1,3
B000903,R000903-665,1,L000903-881,1,2
B000904,,0,L000904-564|L001212-473,2,2
B000905,R000905-328,1,,0,1
B000906,R000906-281,1,L000906-335|L000906-626|L001158-964-U,3,4
B000907,R000907-817,1,L000907-503,1,2
B000908,,0,,0,0
B000909,R000909-763,1,L000909-116,1,2
B000910,R000910-338|R000910-819,2,L000910-750,1,3
B000911,R000911-192|R000911-641|R000911-850,3,L000911-395|L000911-471|L000911-871,3,6
B000912,R000912-478|R000912-936,2,L000912-684,1,3
B000913,R000913-390|R000913-656|R001097-159,3,L000913-917|L001097-467,2,5
B000914,,0,L000914-409|L000914-594,2,2
B000915,,0,,0,0
B000916,R000916-560,1,L000916-286,1,2
B000917,R000917-289|R000917-676,2,L000917-487|L000917-778,2,4
B000918,R000918-314|R000918-520,2,,0,2
B000919,,0,L000919-217,1,1
B000920,R000920-380,1,L000920-286,1,2
B000921,,0,L000921-781,1,1
B000922,R000922-385|R000922-427|R000922-642,3,L000922-676|L000922-946,2,5
B000923,,0,L000923-681,1,1
B000924,R000924-161,1,L000924-290,1,2
B000925,R001203-300,1,L000925-989|L001203-890|L001203-910,3,4
B000926,,0,L000926-339|L000926-507|L000926-676,3,3
B000927,R000927-365|R000927-710,2,,0,2
B000928,R000928-803,1,L000928-714,1,2
B000929,,0,L000929-785,1,1
B000930,R000930-467|R000930-514,2,L000930-426|L000930-989,2,4
B000931,R000931-441,1,L000931-340|L000931-542,2,3
B000932,R000932-477,1,L000932-189|L000932-681,2,3
B000933,,0,L000933-327,1,1
B000934,R000934-506|R000934-799,2,,0,2
B000935,R000935-448,1,,0,1
B000936,R000936-260|R000936-618,2,L000936-428,1,3
B000937,R000937-558,1,L000937-749,1,2
B000938,R000938-676|R000938-957,2,,0,2
B000939,R000939-221,1,L000939-207|L000939-207-U|L000939-270,3,4
B000940,R000940-651,1,,0,1
B000941,R000941-379|R000941-713,2,L000941-683,1,3
B000942,R000942-544,1,L000942-667,1,2
B000943,R000943-552,1,L000943-683|L000943-832,2,3
B000944,,0,L000944-355,1,1
B000945,R000945-452,1,L000945-915,1,2
B000946,R000946-734,1,,0,1
B000947,,0,,0,0
B000948,R000948-837,1,L000948-598|L000948-819,2,3
B000949,R000949-726|R001271-957,2,L000949-451|L001271-486,2,4
B000950,R000950-280,1,,0,1
B000951,R000951-101|R000951-384,2,,0,2
B000952,,0,,0,0
B000953,R000953-956,1,L000953-729,1,2
B000954,R000954-794,1,L000954-130,1,2
B000955,R000955-143,1,L000955-765,1,2
B000956,,0,,0,0
B000957,,0,L000957-884,1,1
B000958,R000958-390|R000958-485,2,,0,2
B000959,R000959-264|R000959-950,2,L000959-382|L000959-650|L000959-682,3,5
B000960,R000960-330,1,L000960-614,1,2
B000961,R000961-486|R000961-815,2,L000961-678,1,3
B000962,R000962-154|R000962-675,2,L000962-844|L000962-979,2,4
B000963,,0,L000963-597|L000963-772,2,2
B000964,R001224-578,1,L000964-266|L000964-970|L000964-978|L001224-114,4,5
B000965,R000965-540,1,L000965-225,1,2
B000966,R000966-226,1,L000966-485|L000966-507,2,3
B000967,R000967-669|R000967-775,2,L000967-196,1,3
B000968,,0,L000968-998,1,1
B000969,R000969-341,1,L000969-853,1,2
B000970,R001202-731,1,L000970-297|L001202-885,2,3
B000971,R000971-818|R000971-932,2,,0,2
B000972,R000972-232,1,,0,1
B000973,R000973-929,1,L000973-674,1,2
B000974,R000974-854,1,L000974-757,1,2
B000975,R000975-273|R000975-494,2,,0,2
B000976,R000976-359,1,L000976-990,1,2
B000977,,0,,0,0
B000978,,0,L000978-525,1,1
B000979,,0,L000979-115,1,1
B000980,R000980-484|R001275-322,2,L000980-518|L001275-488,2,4
B000981,R000981-803,1,L000981-198,1,2
B000982,R000982-942,1,,0,1
B000983,R000983-164,1,L000983-865,1,2
B000984,R000984-343,1,L000984-264|L000984-264-U|L000984-372,3,4
B000985,R000985-347,1,L000985-825,1,2
B000986,R000986-599,1,L000986-617|L000986-617-U,2,3
B000987,R000987-349|R000987-497,2,L000987-932,1,3
B000988,,0,L000988-241,1,1
B000989,R000989-660,1,L000989-108,1,2
B000990,R000990-457,1,,0,1
B000991,R000991-627,1,,0,1
B000992,R000992-254|R000992-969,2,L001286-222|L001286-950,2,4
B000993,R000993-210,1,L000993-218|L000993-578|L000993-806,3,4
B000994,R000994-284,1,L000994-464,1,2
B000995,,0,L000995-472,1,1
B000996,R000996-399|R000996-399-D,2,L000996-312|L000996-549|L000996-766|L001168-582,4,6
B000997,R000997-752,1,,0,1
B000998,R000998-584|R000998-672,2,L000998-469,1,3
B000999,R000999-968,1,L000999-366|L000999-374,2,3
B001000,,0,L001000-400,1,1
B001001,R001001-863,1,,0,1
B001002,,0,L001002-596|L001002-596-U|L001002-875,3,3
B001003,R001003-804,1,L001003-890,1,2
B001004,,0,L001004-164|L001004-482,2,2
B001005,R001005-354,1,,0,1
B001006,R001006-595|R001006-650,2,,0,2
B001007,R001007-219|R001007-550,2,,0,2
B001008,R001008-129|R001008-770|R001008-960|R001233-522|R001233-803,5,L001008-909|L001008-991|L001008-991-U|L001233-566|L001233-746,5,10
B001009,,0,,0,0
B001010,,0,,0,0
B001011,R001011-910,1,L001011-814|L001011-891,2,3
B001012,R001012-208|R001012-866,2,L001012-158,1,3
B001013,,0,,0,0
B001014,R001014-690,1,L001014-647|L001014-897,2,3
B001015,R001015-557,1,L001015-105|L001015-303,2,3
B001016,R001016-446|R001290-649,2,L001016-971|L001016-971-U|L001290-479,3,5
B001017,R001017-852,1,L001017-779,1,2
B001018,R001018-882,1,L001018-515,1,2
B001019,R001019-380,1,L001019-110|L001019-623,2,3
B001020,,0,L001020-708|L001020-847,2,2
B001021,,0,L001021-943,1,1
B001022,R001022-349|R001022-829,2,,0,2
B001023,,0,,0,0
B001024,R001024-492,1,,0,1
B001025,R001025-129|R001025-874,2,L001025-713,1,3
B001026,R001026-199|R001026-717|R001268-237,3,L001026-155|L001268-132,2,5
B001027,R001027-581|R001027-993,2,L001027-829,1,3
B001028,R000461-779|R000461-997|R001028-927,3,,0,3
B001029,R001029-521|R001278-900,2,,0,2
B001030,R001030-501,1,L001030-281,1,2
B001031,R001031-598|R001031-914,2,,0,2
B001032,R001032-464|R001292-852|R001292-989,3,L001032-621|L001292-639,2,5
B001033,R001033-613,1,L001033-235,1,2
B001034,,0,L001034-560|L001034-560-U|L001034-938,3,3
B001035,R001035-360,1,L001035-613|L001035-912,2,3
B001036,R001036-318|R001036-569|R001078-667,3,L001036-317,1,4
B001037,R001037-190|R001037-368|R001037-436,3,L001037-384,1,4
B001038,R001038-319|R001038-601|R001038-967,3,L001038-413|L001038-598,2,5
B001039,R001039-780,1,L001039-139,1,2
B001040,R001040-551,1,L001040-346,1,2
B001041,,0,,0,0
B001042,R001042-324|R001042-465|R001042-968,3,L001042-958,1,4
B001043,R001043-510,1,L001043-290|L001043-913,2,3
B001044,R001044-341|R001044-541,2,L001044-461,1,3
B001045,R001045-154|R001045-264|R001045-418,3,L001045-269,1,4
B001046,R001046-994,1,L001046-782,1,2
B001047,R001047-541,1,,0,1
B001048,R001048-270,1,L001048-519|L001048-858|L001048-891,3,4
B001049,,0,L001049-123|L001049-781,2,2
B001050,R001050-804,1,L001050-829|L001050-829-U,2,3
B001051,R001051-121,1,,0,1
B001052,R001052-465,1,L001052-167,1,2
B001053,R001053-537,1,L001053-520,1,2
B001054,R001054-655,1,L001054-846,1,2
B001055,R001055-645,1,L001055-188|L001055-188-U,2,3
B001056,R001056-257,1,L001056-625,1,2
B001057,,0,,0,0
B001058,R001058-244|R001058-482|R001209-186|R001209-521,4,L001058-299|L001058-392|L001209-231,3,7
B001059,R001059-678,1,,0,1
B001060,,0,L001060-186|L001060-429,2,2
B001061,R001061-468,1,L001061-250|L001061-485,2,3
B001062,R001062-332,1,L001062-239,1,2
B001063,R001063-126|R001063-463|R001063-802,3,L001063-169,1,4
B001064,R001064-800,1,L001064-691|L001064-721|L001064-974,3,4
B001065,R001065-300|R001065-894,2,,0,2
B001066,,0,L001066-839,1,1
B001067,R001067-320,1,L001067-118,1,2
B001068,R001068-481|R001068-487,2,,0,2
B001069,R001069-405,1,L001069-230|L001069-434,2,3
B001070,R001070-828|R001070-834,2,,0,2
B001071,R001071-920,1,,0,1
B001072,,0,L001072-370|L001072-500|L001072-527,3,3
B001073,R001073-302,1,L001073-440,1,2
B001074,R001074-115,1,L001074-260,1,2
B001075,R001075-158,1,,0,1
B001076,R001076-358,1,L001076-230,1,2
B001077,R001077-988,1,L001282-627,1,2
B001078,R001036-318|R001036-569|R001078-667,3,L001036-317|L001078-536,2,5
B001079,R001079-276|R001079-394|R001079-570,3,,0,3
B001080,R001080-381,1,L001080-402|L001080-891,2,3
B001081,R001081-522,1,L001081-365|L001081-574|L001081-895,3,4
B001082,R001082-415,1,,0,1
B001083,R001083-130,1,L001083-449,1,2
B001084,R001084-282|R001084-737,2,L001084-262,1,3
B001085,R001085-221|R001085-543,2,L001085-612,1,3
B001086,R001086-224,1,L001086-462,1,2
B001087,R001087-331|R001087-405|R001087-892,3,L001087-371,1,4
B001088,R001088-806|R001088-916,2,L001088-302|L001088-316,2,4
B001089,R001089-757,1,,0,1
B001090,R001090-684,1,L001090-835,1,2
B001091,R001091-506,1,,0,1
B001092,R001092-109,1,L001092-562|L001092-562-U,2,3
B001093,R001093-364|R001093-834,2,L001093-199,1,3
B001094,,0,,0,0
B001095,,0,L001095-164|L001095-506,2,2
B001096,,0,,0,0
B001097,R000913-390|R000913-656|R001097-159,3,L000913-917|L001097-467,2,5
B001098,,0,L001098-322|L001098-514|L001098-680,3,3
B001099,R001099-757,1,L001099-663|L001099-663-U|L001099-692,3,4
B001100,R001100-810|R001100-869,2,L001100-805,1,3
B001101,R001101-872|R001252-728,2,L001101-262|L001252-315|L001252-728|L001252-736,4,6
B001102,R001102-177|R001102-393,2,L001102-820,1,3
B001103,R001103-488,1,L001103-941,1,2
B001104,R001104-606,1,,0,1
B001105,R001105-253|R001105-886,2,L001105-679|L001105-976,2,4
B001106,R001106-833,1,,0,1
B001107,R001107-251|R001107-814,2,,0,2
B001108,R001108-956,1,L001108-597,1,2
B001109,R001109-388,1,L001109-631|L001109-631-U,2,3
B001110,R001110-192,1,L001110-330|L001110-533,2,3
B001111,R001111-129|R001111-252,2,L001111-420|L001111-657,2,4
B001112,R001112-239|R001112-664,2,,0,2
B001113,R001113-434,1,,0,1
B001114,R001114-419|R001114-611,2,,0,2
B001115,R001115-594,1,,0,1
B001116,,0,,0,0
B001117,R001117-154,1,,0,1
B001118,R000448-630|R001118-386,2,L000448-581,1,3
B001119,R001119-562,1,L001119-910,1,2
B001120,R001120-644,1,L001120-623|L001120-754,2,3
B001121,R001121-766,1,L001121-241,1,2
B001122,R001122-208|R001122-812,2,L001122-821|L001122-889,2,4
B001123,R001123-186,1,L001123-436,1,2
B001124,,0,L001124-149,1,1
B001125,R001125-711,1,L001125-613,1,2
B001126,R001126-395,1,L001126-483,1,2
B001127,R001127-155,1,L001127-431,1,2
B001128,,0,L001128-644,1,1
B001129,,0,L001129-537,1,1
B001130,R001130-598,1,L001130-460|L001130-624|L001130-861,3,4
B001131,R001131-194|R001131-878,2,L001131-134,1,3
B001132,,0,L001132-813,1,1
B001133,R001133-230|R001133-985,2,L001133-496,1,3
B001134,R001134-786,1,L001134-963,1,2
B001135,R001135-773,1,L001135-525,1,2
B001136,R001136-821,1,L001230-926,1,2
B001137,R001137-801,1,,0,1
B001138,R001138-266,1,L001138-628,1,2
B001139,R001139-635,1,L001139-201|L001139-807|L001139-993,3,4
B001140,R001140-361,1,L001140-339,1,2
B001141,R001141-919,1,L001141-700,1,2
B001142,R000470-956|R001142-153|R001142-632,3,L001142-661|L001142-964,2,5
B001143,,0,L001143-631|L001143-692,2,2
B001144,R001144-804,1,,0,1
B001145,R001145-219,1,L001145-161|L001145-505|L001145-597,3,4
B001146,R001146-285|R001146-300,2,,0,2
B001147,R001147-706,1,L001147-312,1,2
B001148,R001148-587,1,,0,1
B001149,R001149-320|R001149-521,2,L001149-466,1,3
B001150,R001150-737,1,L001150-412|L001150-412-U,2,3
B001151,,0,L001151-542,1,1
B001152,R001152-625,1,L001152-644,1,2
B001153,R001153-734,1,,0,1
B001154,R001154-294,1,L001154-430|L001154-526,2,3
B001155,R001155-353|R001155-622|R001155-728,3,L001155-439|L001155-837,2,5
B001156,R001156-804,1,L001156-551|L001156-644,2,3
B001157,R001157-111|R001211-693,2,L001157-523,1,3
B001158,R001158-319,1,L001158-964|L001158-964-U,2,3
B001159,R001159-785,1,L001159-140|L001159-860,2,3
B001160,,0,,0,0
B001161,R001161-309|R001161-538,2,,0,2
B001162,R001162-566|R001162-663,2,L001162-300|L001162-300-U,2,4
B001163,R001163-458,1,L001163-312,1,2
B001164,R001164-957,1,L001164-933,1,2
B001165,,0,L001165-109,1,1
B001166,R001166-122|R001166-966,2,L001166-203|L001166-542,2,4
B001167,R001167-985,1,L001167-344,1,2
B001168,R000996-399|R001168-850,2,L000996-549|L001168-582,2,4
B001169,,0,L001169-337|L001169-337-U|L001169-349,3,3
B001170,R001170-391|R001170-939,2,,0,2
B001171,R001171-339|R001171-891|R001171-901,3,L001171-687,1,4
B001172,R000802-341|R001172-386|R001172-706,3,L000802-614|L001172-563,2,5
B001173,R001173-236,1,L001173-172|L001173-385,2,3
B001174,R001174-691,1,L001174-832,1,2
B001175,R001175-366,1,L001175-237,1,2
B001176,R001176-796,1,,0,1
B001177,R001177-575|R001177-959,2,L001177-746,1,3
B001178,R001178-496|R001178-530,2,L001178-925,1,3
B001179,R001179-978,1,,0,1
B001180,R001180-177|R001180-780,2,L001180-216|L001180-484|L001180-848,3,5
B001181,,0,,0,0
B001182,R001182-634|R001215-502,2,L001182-760|L001182-994|L001215-210|L001215-476|L001215-751,5,7
B001183,R001183-632,1,,0,1
B001184,,0,,0,0
B001185,R001185-140,1,,0,1
B001186,R001186-834,1,L001186-381,1,2
B001187,,0,,0,0
B001188,R001188-640,1,L001188-380,1,2
B001189,R001189-157,1,L001189-234,1,2
B001190,R001190-197,1,L001190-757,1,2
B001191,R001191-951,1,L001191-221|L001191-491|L001191-872,3,4
B001192,R001192-165|R001192-288,2,L001192-158,1,3
B001193,R001193-691,1,,0,1
B001194,R001194-145|R001273-964,2,L001194-315|L001194-838|L001273-167|L001273-606,4,6
B001195,,0,L001195-205,1,1
B001196,R001196-228,1,,0,1
B001197,R001197-830,1,,0,1
B001198,R001198-304,1,,0,1
B001199,,0,L001199-316|L001199-316-U|L001199-901,3,3
B001200,R001200-557|R001200-622,2,L001200-112,1,3
B001201,R000360-923|R001201-646,2,L000360-129|L000360-311|L000360-999|L001201-954|L001201-954-U,5,7
B001202,R001202-731,1,L000970-297|L001202-885,2,3
B001203,R001203-300,1,L000925-989|L001203-890|L001203-910,3,4
B001204,R000340-215|R001204-432|R001204-533,3,L001204-902,1,4
B001205,R001205-575,1,,0,1
B001206,R000471-762|R001206-170,2,L000471-964|L001206-169|L001206-477,3,5
B001207,R000777-255|R001207-169,2,L001207-761,1,3
B001208,R000182-288|R001276-803|R001276-910,3,L001208-311|L001276-704,2,5
B001209,R001058-244|R001058-482|R001209-186|R001209-521,4,L001209-231,1,5
B001210,R000821-450,1,L000821-631|L000821-730|L001210-634|L001210-690,4,5
B001211,R001157-111|R001211-693,2,L001157-523|L001211-959,2,4
B001212,,0,L001212-473,1,1
B001213,R001213-209,1,,0,1
B001214,R001135-773,1,L001135-525,1,2
B001215,R000390-130|R000390-585|R001182-634|R001215-502,4,L001182-994|L001215-210|L001215-476|L001215-476-U|L001215-751,5,9
B001216,R000564-206|R000564-633|R000564-643,3,L001216-205|L001216-672,2,5
B001217,R000543-848|R000543-961|R001217-233|R001217-233-D|R001217-419,5,L000543-257|L000543-314|L000543-966|L001217-925,4,9
B001218,R000336-180|R000336-199|R000336-468|R001218-761,4,L000336-368|L001218-386,2,6
B001219,R000132-249|R000132-400|R001219-422,3,L001219-978,1,4
B001220,R000625-959,1,L000625-737,1,2
B001221,R000517-935|R001221-490,2,L001221-191|L001221-587,2,4
B001222,R000689-424|R000689-506|R001222-799,3,L000689-170|L000689-768,2,5
B001223,R000877-655|R000877-803|R001223-474,3,L000877-354|L000877-972|L001223-403,3,6
B001224,R001224-578,1,L000964-266|L000964-970|L000964-978|L001224-114,4,5
B001225,R000483-109|R001225-815,2,L001225-425,1,3
B001226,R000852-325|R000852-518|R001226-594|R001226-878|R001226-997,5,L000852-482,1,6
B001227,R000682-321,1,L001227-234,1,2
B001228,R000056-838|R001228-308,2,L000056-142|L000056-898,2,4
B001229,R001229-153|R001229-705,2,L000865-921|L001229-254,2,4
B001230,R001136-821,1,L001230-926,1,2
B001231,R000858-313|R001231-629,2,L001231-564|L001231-564-U,2,4
B001232,,0,,0,0
B001233,R001008-770|R001008-960|R001233-522|R001233-803,4,L001008-909|L001008-991|L001233-566|L001233-746,4,8
B001234,R001234-481,1,L000129-754|L001234-526,2,3
B001235,R000381-248|R001235-529|R001235-891,3,L000381-962|L001235-729|L001235-729-U,3,6
B001236,,0,L000711-424|L001236-322,2,2
B001237,,0,L001237-382,1,1
B001238,R000156-325|R001238-488,2,,0,2
B001239,R001239-209|R001239-993,2,L001239-237,1,3
B001240,R000321-772|R001240-198|R001240-870|R001240-955,4,L000321-161|L000321-984,2,6
B001241,R000497-113|R000497-187,2,L000497-153|L001241-288,2,4
B001242,R000187-176|R001242-947,2,L000187-292|L001242-610,2,4
B001243,R000782-142|R000782-683|R001243-132|R001243-462|R001243-813,5,L000782-220,1,6
B001244,R000798-324|R001244-937,2,L001244-754,1,3
B001245,R000060-660|R001245-195|R001245-314,3,L000060-658|L001245-681,2,5
B001246,R000164-733|R001246-293|R001246-772,3,L000164-404|L001246-697,2,5
B001247,R000755-115|R001247-719,2,L000755-385|L001247-909,2,4
B001248,R001248-301|R001248-426|R001248-547,3,L000075-629|L001248-532,2,5
B001249,R001249-843,1,L000125-605|L000125-962,2,3
B001250,R000335-368|R000335-523|R000335-842|R001250-159|R001250-325|R001250-735,6,L000335-942|L001250-715,2,8
B001251,R000457-414|R001251-218,2,,0,2
B001252,R001101-872|R001252-728,2,L001101-262|L001252-315|L001252-728|L001252-736|L001252-736-U,5,7
B001253,R000477-506|R000477-976|R001253-225,3,L001253-517,1,4
B001254,R000542-689|R001254-826|R001254-832,3,L000542-826,1,4
B001255,R000334-563|R001255-658|R001255-824,3,L000334-295,1,4
B001256,R000022-528|R000022-777|R001256-254,3,L001256-285|L001256-403|L001256-403-U|L001256-479,4,7
B001257,R000683-718,1,L001257-618,1,2
B001258,R000662-902|R001258-944,2,L000662-591|L001258-375,2,4
B001259,R000241-554|R001259-214,2,L001259-380,1,3
B001260,R001260-207|R001260-479,2,L001260-146,1,3
B001261,R000035-106|R000035-528|R000035-537|R001261-517|R001261-678,5,L001261-702,1,6
B001262,R000939-221|R001262-693,2,L000939-207|L000939-270,2,4
B001263,R000781-215|R000781-251|R001263-834,3,L000781-834,1,4
B001264,R001264-358,1,L001264-475|L001264-638,2,3
B001265,R001265-836,1,L001265-119,1,2
B001266,R000235-928|R001266-149|R001266-840,3,L000235-734,1,4
B001267,R000641-438,1,L001267-917,1,2
B001268,R001026-199|R001026-717|R001268-237,3,L001026-155|L001268-132,2,5
B001269,R000190-302|R001269-828,2,L000190-141|L001269-778,2,4
B001270,R001270-530,1,L000419-404,1,2
B001271,R000949-726|R001271-957,2,L000949-451|L001271-486,2,4
B001272,R000496-386|R000496-386-D|R001272-131|R001272-876,4,L000496-354|L001272-811,2,6
B001273,R001194-145|R001273-964,2,L001194-315|L001194-838|L001273-167|L001273-606,4,6
B001274,R000185-423,1,L000185-938|L001274-816,2,3
B001275,R000980-484|R001275-322,2,L000980-518|L001275-488|L001275-543,3,5
B001276,R000182-288|R001276-803|R001276-910,3,L001208-311|L001276-704|L001276-887,3,6
B001277,R000179-789|R001277-610,2,L000179-212|L000179-437|L001277-685,3,5
B001278,R001029-521|R001278-900,2,,0,2
B001279,R000361-877|R001279-885,2,L000361-684|L001279-514,2,4
B001280,R000239-676|R000239-707,2,L001280-433|L001280-604|L001280-647|L001280-647-U,4,6
B001281,,0,L000172-471|L000172-844|L001281-832,3,3
B001282,R001077-988,1,L001282-627,1,2
B001283,R000619-450|R000619-794|R001283-201,3,L000619-943|L001283-139|L001283-851,3,6
B001284,R000316-291|R000316-404|R001284-599,3,L000316-382|L000316-844,2,5
B001285,R001285-113|R001285-175|R001285-408,3,L000193-403,1,4
B001286,R000992-254|R000992-969,2,L001286-222|L001286-950,2,4
B001287,R001037-190|R001037-368|R001037-436,3,L001287-708,1,4
B001288,R000422-590|R000422-815|R001288-886,3,L000422-334|L001288-164|L001288-776,3,6
B001289,R000881-612|R001289-281,2,L001289-983,1,3
B001290,R001016-446|R001290-649,2,L001016-971|L001290-479,2,4
B001291,R000464-866|R001291-114,2,L000464-259|L000464-454|L001291-635|L001291-771|L001291-793,5,7
B001292,R001032-464|R001292-852|R001292-989,3,L001032-621|L001292-639,2,5
B001293,R000385-542|R001293-716|R001293-964,3,L000385-260|L001293-804|L001293-878,3,6
B001294,R001294-399|R001294-598,2,L000708-950,1,3
B001295,R000508-842|R001295-366,2,L001295-968,1,3
B001296,R001296-134|R001296-274,2,L001296-826,1,3
